Car_Name,Year,Selling_Price,Present_Price,Kms_Driven,Fuel_Type,Seller_Type,Transmission,Owner
Audi Corolla,2019,9.06,26.56,115268,Petrol,Dealer,Manual,0
Honda X1,2006,1.17,26.24,69925,Petrol,Dealer,Manual,0
BMW Nexon,2021,9.29,20.03,89478,Petrol,Dealer,Manual,0
Audi Corolla,2007,3.32,30.59,46606,Petrol,Dealer,Automatic,2
Hyundai Seltos,2013,0.5,4.0,129243,Petrol,Individual,Manual,1
Hyundai XUV500,2008,0.9,13.32,83953,Petrol,Dealer,Automatic,0
Kia Corolla,2018,8.42,26.41,16534,Petrol,Dealer,Manual,0
Ford XUV500,2017,1.56,7.94,56214,Petrol,Dealer,Manual,0
Mahindra XUV500,2015,0.5,9.76,169231,Diesel,Individual,Manual,0
Audi A4,2009,0.6,26.48,199407,Petrol,Dealer,Manual,3
Honda Swift,2009,0.5,21.18,142982,Petrol,Dealer,Manual,0
Audi Swift,2024,15.41,21.24,92939,CNG,Dealer,Manual,1
Toyota A4,2023,6.03,8.58,48585,Diesel,Dealer,Manual,0
Kia A4,2011,2.3,32.07,166152,Petrol,Dealer,Automatic,2
Audi X1,2012,1.58,20.32,124101,Petrol,Dealer,Manual,2
Tata Corolla,2021,1.47,5.54,44353,CNG,Dealer,Manual,0
Maruti XUV500,2021,6.34,11.9,117859,Petrol,Dealer,Automatic,0
BMW A4,2008,0.5,6.05,114751,Petrol,Individual,Manual,1
BMW X1,2015,9.29,29.22,27671,Diesel,Dealer,Manual,0
Honda Seltos,2007,2.59,29.0,147483,Diesel,Dealer,Manual,0
Hyundai XUV500,2005,0.5,24.78,44384,Petrol,Dealer,Manual,0
Maruti EcoSport,2009,1.91,31.3,179088,Petrol,Individual,Automatic,2
BMW XUV500,2005,0.5,23.72,148946,CNG,Individual,Manual,1
Tata i20,2018,7.25,20.79,7869,Petrol,Individual,Manual,0
Ford Corolla,2012,4.29,30.25,91416,Petrol,Dealer,Manual,1
BMW City,2012,1.55,23.38,54377,Petrol,Dealer,Manual,2
Honda Corolla,2007,1.41,27.71,110983,Petrol,Individual,Automatic,2
Ford City,2005,0.5,5.87,146564,Petrol,Individual,Manual,0
Tata Seltos,2007,0.57,21.46,41631,Petrol,Individual,Manual,0
Mahindra Swift,2013,2.99,25.63,110510,Petrol,Individual,Automatic,2
Kia A4,2008,2.34,28.65,7368,Petrol,Dealer,Manual,2
Audi X1,2023,11.43,18.17,185798,CNG,Individual,Automatic,0
Kia X1,2019,6.63,14.85,118632,Diesel,Dealer,Automatic,0
Honda A4,2012,3.96,26.37,99476,CNG,Individual,Manual,0
Honda Seltos,2009,1.35,9.31,10949,Diesel,Individual,Manual,0
BMW Nexon,2012,3.58,32.94,116488,CNG,Individual,Manual,1
Audi City,2016,5.96,21.33,74042,Diesel,Dealer,Manual,0
Kia Seltos,2020,12.04,28.92,198824,Petrol,Dealer,Manual,2
Toyota i20,2024,12.26,15.3,28289,CNG,Dealer,Manual,1
Hyundai Swift,2024,16.97,21.63,16938,Diesel,Dealer,Manual,2
Honda Swift,2005,1.11,24.02,87986,Petrol,Dealer,Manual,0
Maruti Seltos,2012,0.5,15.64,151377,Petrol,Individual,Manual,0
Ford i20,2017,11.69,33.0,12543,Diesel,Individual,Manual,0
Maruti City,2020,4.57,7.52,75640,Diesel,Dealer,Automatic,2
Maruti A4,2017,7.75,26.81,73450,Petrol,Individual,Manual,1
Maruti Corolla,2016,7.91,33.69,160538,Petrol,Dealer,Automatic,2
Honda Seltos,2019,1.33,6.12,131020,Petrol,Dealer,Manual,1
Ford Seltos,2011,4.33,34.87,108033,Petrol,Individual,Manual,0
Tata Seltos,2016,5.64,30.81,180333,Petrol,Individual,Manual,1
Ford X1,2023,12.91,21.81,178420,Petrol,Individual,Automatic,3
Toyota Corolla,2010,1.58,25.81,170650,Diesel,Dealer,Manual,2
Hyundai Seltos,2024,3.81,7.24,149188,Diesel,Individual,Manual,0
Tata Swift,2005,0.5,10.54,119821,Diesel,Individual,Manual,0
Honda Corolla,2022,5.48,8.74,57528,Diesel,Dealer,Manual,1
Audi Nexon,2015,1.93,12.35,147047,Petrol,Dealer,Manual,0
Mahindra Seltos,2022,5.01,11.88,132016,Petrol,Dealer,Manual,0
Ford Corolla,2017,9.0,25.07,87844,Petrol,Dealer,Automatic,0
Kia XUV500,2022,10.85,20.88,173964,Petrol,Dealer,Automatic,3
Maruti EcoSport,2021,16.08,29.91,23017,Petrol,Dealer,Manual,0
Ford X1,2007,3.84,21.0,28524,Diesel,Individual,Manual,0
Tata Swift,2023,7.8,12.15,62091,Petrol,Individual,Manual,0
Hyundai X1,2007,1.05,19.89,42131,Diesel,Individual,Manual,1
Maruti A4,2019,12.49,28.22,82709,Diesel,Dealer,Manual,0
Honda i20,2024,12.64,20.74,192872,Diesel,Dealer,Manual,2
Ford Corolla,2014,7.35,32.69,24963,Petrol,Dealer,Manual,0
Honda Nexon,2020,2.08,8.28,147709,Diesel,Dealer,Manual,0
Honda i20,2023,2.8,4.79,116195,Petrol,Dealer,Manual,0
Maruti Seltos,2017,4.04,13.63,28321,Diesel,Dealer,Manual,2
Maruti Seltos,2008,1.12,28.9,132600,Petrol,Individual,Manual,2
Mahindra i20,2017,0.5,5.46,151106,Petrol,Individual,Automatic,0
Hyundai Seltos,2010,0.5,20.28,171926,Petrol,Individual,Manual,1
Toyota Nexon,2008,0.5,14.69,87152,Petrol,Dealer,Manual,1
Mahindra XUV500,2021,8.3,21.28,105776,Petrol,Individual,Manual,0
Tata Swift,2010,1.3,15.01,77303,Petrol,Dealer,Manual,0
Audi Nexon,2007,1.74,20.02,9324,CNG,Dealer,Manual,2
Maruti XUV500,2010,2.59,24.56,58441,Petrol,Dealer,Manual,1
BMW Seltos,2008,0.5,16.9,185448,Diesel,Dealer,Manual,1
Toyota City,2005,0.5,15.13,195455,Petrol,Dealer,Automatic,0
Hyundai Corolla,2005,0.73,7.87,113872,Diesel,Dealer,Manual,0
Hyundai EcoSport,2015,6.87,33.06,89555,Petrol,Individual,Manual,0
Mahindra Nexon,2009,0.5,9.85,93861,Diesel,Dealer,Manual,1
Kia Nexon,2022,15.93,29.22,165359,Petrol,Dealer,Manual,1
Maruti Nexon,2021,13.43,31.84,181630,Petrol,Dealer,Manual,0
Honda XUV500,2014,0.76,7.89,85910,Diesel,Dealer,Manual,1
BMW Nexon,2005,1.74,25.77,37154,Diesel,Dealer,Manual,1
BMW Corolla,2017,2.8,7.52,45631,Petrol,Dealer,Manual,0
Hyundai City,2023,13.84,21.31,129714,Petrol,Individual,Automatic,0
Kia Seltos,2017,1.45,7.88,114777,Diesel,Dealer,Automatic,2
Toyota Corolla,2009,2.93,32.56,109263,Diesel,Individual,Manual,0
Kia Corolla,2005,0.5,30.9,173502,Petrol,Dealer,Manual,1
Kia Corolla,2013,0.5,7.1,68731,Petrol,Individual,Manual,0
Honda X1,2011,2.62,8.71,24956,CNG,Dealer,Manual,1
Hyundai EcoSport,2021,5.23,9.11,51163,Petrol,Dealer,Automatic,0
Audi City,2023,7.39,14.51,138789,Petrol,Dealer,Manual,1
Hyundai Swift,2018,7.03,25.99,164937,Petrol,Dealer,Manual,1
Audi A4,2007,0.5,15.26,136026,Diesel,Dealer,Manual,0
Hyundai A4,2012,0.5,4.35,191178,Petrol,Individual,Manual,0
Maruti XUV500,2006,3.53,28.87,92127,Diesel,Individual,Automatic,0
Ford X1,2018,3.73,12.73,153399,Petrol,Dealer,Manual,1
Maruti EcoSport,2024,9.75,14.08,151430,Petrol,Dealer,Manual,1
BMW Nexon,2006,1.24,30.62,125674,CNG,Individual,Manual,2
Maruti i20,2023,13.57,19.64,40367,Diesel,Dealer,Manual,1
Toyota Seltos,2017,6.97,25.27,79532,Petrol,Individual,Manual,1
Tata X1,2016,0.77,10.0,45809,Petrol,Dealer,Manual,1
Hyundai Nexon,2011,2.11,21.56,147736,Petrol,Dealer,Manual,0
Honda EcoSport,2008,1.4,27.79,58276,Petrol,Dealer,Manual,1
Audi XUV500,2007,1.01,33.4,189374,Diesel,Individual,Manual,0
Hyundai Nexon,2006,0.5,6.86,20048,Petrol,Dealer,Manual,1
Tata A4,2007,1.33,29.3,170092,Petrol,Individual,Manual,0
Maruti Swift,2014,5.02,25.25,62134,Petrol,Individual,Automatic,1
Maruti A4,2009,2.24,25.31,63053,CNG,Individual,Manual,1
Kia A4,2021,3.71,9.19,61276,Petrol,Dealer,Manual,1
Honda XUV500,2022,10.53,16.79,142809,Diesel,Dealer,Manual,0
Mahindra City,2016,1.3,7.3,139055,Petrol,Dealer,Manual,1
Toyota X1,2017,6.75,23.22,84273,Diesel,Dealer,Manual,3
Audi Corolla,2021,7.74,16.16,78972,Petrol,Dealer,Manual,0
Tata A4,2024,20.28,26.73,37733,Petrol,Dealer,Manual,2
Maruti EcoSport,2018,0.57,4.92,140566,Petrol,Individual,Manual,2
Ford X1,2011,4.47,31.19,133301,Diesel,Individual,Automatic,1
BMW EcoSport,2023,11.38,19.65,82129,Petrol,Dealer,Manual,2
Mahindra X1,2009,2.89,5.32,71262,Diesel,Individual,Automatic,0
Maruti XUV500,2007,1.32,29.2,66413,Diesel,Individual,Manual,2
Ford i20,2015,5.16,31.14,159946,Petrol,Dealer,Manual,2
Tata EcoSport,2015,1.31,6.24,30559,Petrol,Dealer,Manual,0
Hyundai X1,2009,0.5,10.44,139092,Diesel,Individual,Manual,2
Honda XUV500,2012,2.93,24.86,104616,Diesel,Individual,Manual,2
Tata Nexon,2014,1.79,6.83,74274,Diesel,Dealer,Automatic,2
Audi i20,2008,0.5,21.02,194004,Petrol,Dealer,Manual,1
Maruti Nexon,2021,1.95,7.15,149059,Petrol,Individual,Manual,0
Hyundai EcoSport,2008,0.5,8.97,181611,Petrol,Dealer,Manual,0
Kia X1,2005,0.61,5.32,119682,Diesel,Individual,Manual,0
Audi Swift,2010,2.47,15.21,98106,Petrol,Dealer,Manual,0
Toyota Swift,2007,2.51,17.72,46846,Diesel,Dealer,Automatic,1
Honda Swift,2016,1.2,4.49,38756,CNG,Dealer,Manual,0
Tata EcoSport,2007,1.06,13.33,17857,Diesel,Dealer,Manual,0
Mahindra Nexon,2021,4.38,6.37,144783,Diesel,Individual,Automatic,1
Ford XUV500,2007,0.5,9.34,5526,Petrol,Dealer,Manual,1
Tata X1,2006,0.5,28.62,165831,Petrol,Dealer,Manual,0
BMW Nexon,2005,2.24,33.51,188720,Petrol,Dealer,Manual,0
Toyota Swift,2014,5.51,27.94,66681,Petrol,Dealer,Manual,0
Maruti Corolla,2011,0.7,7.68,159470,Petrol,Individual,Automatic,0
Honda X1,2013,6.24,32.99,135406,Diesel,Dealer,Automatic,2
Toyota A4,2015,8.37,31.69,16653,Diesel,Dealer,Manual,0
BMW A4,2016,2.23,8.53,84148,Diesel,Dealer,Manual,1
Audi EcoSport,2023,5.49,8.59,110361,Diesel,Dealer,Manual,0
BMW Swift,2011,1.44,18.07,117340,Diesel,Individual,Manual,0
Toyota XUV500,2022,19.31,30.81,9703,Petrol,Dealer,Manual,1
Audi Seltos,2023,14.79,22.16,47229,Petrol,Dealer,Manual,1
Maruti City,2012,0.5,16.27,147633,Petrol,Individual,Manual,2
Mahindra A4,2024,16.83,22.18,50893,Diesel,Dealer,Manual,2
Ford Swift,2012,2.98,22.36,148660,Petrol,Dealer,Automatic,0
Tata Swift,2009,0.5,11.33,84530,CNG,Dealer,Manual,0
Ford EcoSport,2016,7.0,18.45,14847,Diesel,Dealer,Automatic,0
Hyundai Nexon,2009,2.45,33.0,163492,Diesel,Dealer,Manual,0
Maruti Swift,2023,0.85,4.81,124273,Petrol,Dealer,Manual,0
Hyundai A4,2016,5.82,20.27,44062,Petrol,Dealer,Manual,0
Audi XUV500,2022,3.32,9.43,159268,Petrol,Individual,Manual,1
Maruti Seltos,2012,4.95,30.74,115448,Petrol,Individual,Manual,1
Honda EcoSport,2020,9.8,24.01,115169,Petrol,Dealer,Manual,0
Tata Corolla,2006,2.11,16.23,34165,CNG,Dealer,Automatic,2
Audi City,2017,8.45,29.26,137439,Petrol,Dealer,Manual,1
Honda Nexon,2005,1.49,10.98,98680,Petrol,Dealer,Manual,0
Kia i20,2018,6.77,19.26,27612,Diesel,Dealer,Manual,0
Hyundai EcoSport,2019,6.13,20.31,78770,Diesel,Individual,Manual,2
Ford A4,2015,0.5,3.74,64182,Petrol,Individual,Manual,0
Honda i20,2018,6.69,18.8,12151,Petrol,Individual,Automatic,0
Mahindra Seltos,2008,1.93,26.11,17289,Petrol,Dealer,Manual,0
Audi XUV500,2021,10.31,21.37,142513,CNG,Dealer,Manual,1
Mahindra Seltos,2019,12.49,33.47,159741,Petrol,Dealer,Automatic,1
Kia XUV500,2020,9.61,21.03,132834,Diesel,Dealer,Automatic,0
Kia Nexon,2022,17.17,27.65,132556,Petrol,Individual,Automatic,0
Kia Nexon,2018,6.99,23.41,193856,Petrol,Individual,Manual,1
Honda Seltos,2011,2.14,26.32,60754,CNG,Dealer,Manual,1
Toyota XUV500,2009,2.15,31.67,150282,Petrol,Dealer,Manual,1
Maruti i20,2009,0.5,5.7,140327,Petrol,Individual,Manual,0
BMW i20,2016,3.76,24.35,194648,CNG,Dealer,Manual,1
Kia Corolla,2009,0.5,9.02,15526,Diesel,Dealer,Manual,0
Audi City,2012,0.5,4.13,198783,Petrol,Individual,Manual,1
Hyundai XUV500,2011,3.01,30.74,120700,Diesel,Individual,Manual,0
Hyundai Nexon,2006,0.5,33.01,134992,Petrol,Individual,Manual,2
Hyundai A4,2010,4.36,32.46,70450,Petrol,Dealer,Manual,0
Honda XUV500,2014,5.37,30.84,78861,Petrol,Dealer,Automatic,0
Honda i20,2006,0.5,10.54,109211,Petrol,Individual,Manual,0
Maruti X1,2018,2.17,9.01,16138,CNG,Individual,Manual,0
Ford i20,2008,0.5,7.76,182731,Petrol,Individual,Manual,1
Hyundai A4,2023,11.24,15.67,47913,Petrol,Dealer,Automatic,0
Mahindra Nexon,2023,3.59,8.88,197660,Petrol,Dealer,Manual,1
Audi XUV500,2021,3.39,10.83,170243,Petrol,Dealer,Manual,0
Ford Corolla,2007,0.5,15.08,31715,Petrol,Dealer,Manual,2
Ford X1,2010,0.5,11.68,159249,Diesel,Dealer,Manual,0
Kia i20,2017,9.86,34.24,105689,Petrol,Dealer,Manual,0
Audi EcoSport,2008,5.44,30.74,42487,Diesel,Dealer,Manual,0
BMW Seltos,2014,6.76,31.6,58352,Petrol,Individual,Automatic,1
Hyundai Seltos,2012,1.52,18.04,132734,Diesel,Individual,Manual,1
Audi XUV500,2017,3.52,8.23,35111,CNG,Dealer,Manual,0
Honda XUV500,2007,0.5,3.88,88588,Petrol,Dealer,Manual,3
Toyota City,2011,2.51,28.19,193978,Petrol,Dealer,Manual,1
Tata Nexon,2006,0.5,24.52,187051,Diesel,Individual,Manual,0
Hyundai Seltos,2008,1.03,12.72,22153,Diesel,Dealer,Manual,1
Maruti XUV500,2022,5.03,10.58,158240,Petrol,Dealer,Manual,0
Toyota Corolla,2016,1.18,9.72,103989,Petrol,Individual,Manual,0
Hyundai EcoSport,2017,5.1,10.46,20997,Diesel,Individual,Automatic,1
BMW X1,2015,2.07,11.98,28387,Petrol,Dealer,Manual,1
Honda A4,2016,8.57,26.58,8754,Diesel,Individual,Manual,0
Audi A4,2016,6.15,23.54,61447,Petrol,Dealer,Manual,1
Toyota XUV500,2007,1.2,16.15,100081,Diesel,Dealer,Manual,1
Hyundai Nexon,2020,13.04,28.19,122235,Petrol,Individual,Automatic,1
Honda A4,2010,3.37,31.11,87617,Petrol,Dealer,Manual,2
Honda Seltos,2009,1.84,24.39,7023,Petrol,Dealer,Manual,0
Audi Corolla,2018,7.38,26.29,53868,Petrol,Dealer,Manual,1
Hyundai i20,2023,6.54,12.0,164803,Petrol,Dealer,Manual,1
Honda Corolla,2021,7.73,17.17,170009,Petrol,Dealer,Automatic,1
Tata X1,2017,1.16,8.96,181325,Diesel,Individual,Manual,0
Tata Seltos,2020,3.63,9.89,144401,Petrol,Dealer,Manual,1
BMW Swift,2017,8.05,28.15,197402,Petrol,Dealer,Automatic,1
Kia EcoSport,2008,0.5,7.7,155787,Petrol,Individual,Automatic,1
Toyota X1,2013,0.5,8.51,12531,Petrol,Individual,Manual,2
Honda A4,2018,2.85,11.36,168663,Petrol,Dealer,Automatic,0
Tata Corolla,2015,0.84,5.47,23681,Petrol,Dealer,Manual,1
Mahindra Corolla,2019,11.65,31.29,70428,Petrol,Dealer,Manual,1
Kia EcoSport,2022,1.63,8.07,170593,Petrol,Dealer,Manual,2
BMW A4,2005,0.5,19.99,102852,Petrol,Dealer,Manual,1
Maruti Swift,2006,1.19,6.07,74184,Petrol,Dealer,Manual,0
Mahindra XUV500,2010,3.28,28.9,53777,CNG,Individual,Manual,0
Ford Corolla,2008,2.3,27.34,167005,Petrol,Dealer,Manual,0
Maruti i20,2007,2.79,32.14,28648,Petrol,Individual,Manual,0
Hyundai City,2009,1.34,33.88,138623,Petrol,Dealer,Manual,1
Tata XUV500,2022,2.5,8.48,165211,Petrol,Dealer,Manual,0
Hyundai XUV500,2010,0.5,7.93,94087,Petrol,Individual,Automatic,0
Maruti A4,2017,5.88,13.67,38691,Diesel,Dealer,Manual,0
Tata City,2005,0.5,4.42,97051,Diesel,Dealer,Manual,0
Hyundai X1,2023,17.41,27.43,127232,Petrol,Individual,Manual,0
Hyundai X1,2007,1.16,31.21,195237,Petrol,Individual,Automatic,0
Tata City,2019,3.8,9.52,38866,Diesel,Dealer,Manual,1
Honda Swift,2024,19.31,26.79,92969,Petrol,Individual,Manual,0
Mahindra A4,2007,1.44,25.37,92960,Petrol,Dealer,Manual,1
Ford Corolla,2018,10.59,31.96,160024,Diesel,Individual,Manual,0
Audi i20,2018,6.8,18.0,7659,Petrol,Dealer,Manual,1
Toyota Swift,2012,5.48,26.81,39518,Petrol,Individual,Automatic,1
Audi Nexon,2023,20.13,30.99,140565,Petrol,Dealer,Manual,0
Tata Swift,2024,8.08,12.99,133202,Petrol,Dealer,Manual,1
BMW Nexon,2020,4.44,11.04,102136,Petrol,Dealer,Manual,1
Ford EcoSport,2009,0.98,11.45,49900,Petrol,Dealer,Manual,2
Mahindra Swift,2012,3.26,19.8,37174,Petrol,Individual,Manual,0
Honda Seltos,2024,12.57,17.47,150639,CNG,Dealer,Automatic,1
Toyota X1,2016,4.47,18.86,16093,Petrol,Dealer,Manual,3
Mahindra A4,2010,0.5,5.73,162584,Petrol,Dealer,Automatic,0
Maruti City,2012,1.07,18.3,88375,Petrol,Dealer,Manual,0
Maruti XUV500,2015,7.13,30.08,101038,Diesel,Dealer,Manual,0
Ford Swift,2013,5.25,29.27,195228,Petrol,Dealer,Automatic,0
Honda Swift,2012,3.45,16.79,49363,Diesel,Individual,Manual,1
Kia EcoSport,2012,2.7,30.68,128053,Petrol,Dealer,Manual,1
Hyundai i20,2006,1.99,24.46,8744,Petrol,Dealer,Manual,0
Kia City,2019,10.63,27.12,76425,Diesel,Individual,Manual,1
Kia i20,2023,21.59,32.27,110848,Petrol,Dealer,Manual,1
Mahindra i20,2021,12.6,25.39,99475,Petrol,Dealer,Manual,0
Ford Swift,2010,1.84,30.14,153586,Petrol,Individual,Manual,0
Hyundai City,2007,5.6,30.51,44758,Diesel,Dealer,Automatic,0
Tata X1,2008,0.5,15.88,181806,Petrol,Dealer,Manual,0
Hyundai City,2015,0.5,15.66,147810,Petrol,Dealer,Manual,1
Hyundai Corolla,2016,5.58,21.13,153510,Diesel,Dealer,Manual,0
Toyota Seltos,2018,1.68,4.48,119650,Petrol,Dealer,Automatic,0
Kia EcoSport,2009,5.33,33.61,13036,Petrol,Dealer,Automatic,0
Toyota Swift,2017,8.32,34.08,178333,Petrol,Dealer,Manual,0
BMW EcoSport,2023,7.0,14.72,145641,Petrol,Dealer,Manual,0
Mahindra City,2017,7.57,23.23,31762,Petrol,Individual,Manual,0
BMW Nexon,2023,5.36,9.84,155023,Petrol,Dealer,Manual,0
BMW EcoSport,2015,7.86,20.8,12684,Diesel,Dealer,Automatic,2
Maruti City,2023,10.32,19.66,196083,Petrol,Individual,Manual,0
Mahindra A4,2019,7.22,22.58,149063,Petrol,Dealer,Automatic,3
Hyundai City,2019,10.5,27.58,188043,Diesel,Dealer,Automatic,0
BMW City,2009,1.64,19.58,29045,Petrol,Individual,Automatic,2
BMW City,2014,2.23,7.73,82949,Diesel,Individual,Manual,1
Honda City,2022,13.22,24.82,173048,Petrol,Dealer,Manual,0
Ford Swift,2019,3.0,8.0,47727,CNG,Individual,Automatic,2
Audi Nexon,2006,1.17,5.95,53511,Diesel,Dealer,Manual,0
Hyundai City,2010,1.0,12.94,85807,Petrol,Individual,Manual,0
Mahindra i20,2011,1.82,16.14,153694,CNG,Dealer,Automatic,0
Ford A4,2005,0.5,20.79,158245,CNG,Dealer,Manual,1
Kia Corolla,2012,3.99,20.97,30235,Diesel,Dealer,Manual,1
Mahindra X1,2008,0.63,8.0,76126,Diesel,Dealer,Manual,2
Tata Swift,2019,2.54,6.74,63608,Petrol,Dealer,Manual,1
Audi XUV500,2022,7.79,18.21,171277,Petrol,Individual,Manual,0
Hyundai Corolla,2008,1.51,32.08,179220,Petrol,Dealer,Automatic,1
Maruti Seltos,2005,2.49,32.8,49760,Diesel,Dealer,Manual,1
Maruti Corolla,2019,14.14,33.24,83356,Petrol,Dealer,Automatic,0
BMW A4,2013,2.58,18.49,72055,Petrol,Dealer,Manual,0
Toyota i20,2020,7.13,15.19,57389,Petrol,Individual,Manual,1
Hyundai Nexon,2012,5.76,24.03,52377,Diesel,Individual,Manual,1
Ford City,2017,1.48,5.33,9213,Diesel,Dealer,Manual,1
Ford X1,2006,0.5,4.11,175851,CNG,Dealer,Manual,0
Tata Corolla,2010,2.22,27.51,107518,Diesel,Individual,Manual,3
BMW EcoSport,2014,5.85,27.76,119397,Petrol,Dealer,Manual,0
Audi Corolla,2016,0.5,3.54,191740,Diesel,Individual,Automatic,0
Mahindra Swift,2012,0.93,10.02,198594,Petrol,Dealer,Manual,0
Audi Seltos,2008,1.25,33.67,161040,Petrol,Dealer,Manual,1
BMW Nexon,2021,6.59,10.6,143731,Diesel,Individual,Automatic,0
Maruti Swift,2019,11.96,32.4,169055,Diesel,Dealer,Manual,1
Kia Swift,2022,1.86,3.75,10939,Petrol,Dealer,Manual,0
Kia EcoSport,2018,3.63,5.9,49605,Diesel,Dealer,Manual,0
Honda X1,2012,1.18,10.09,144883,Diesel,Individual,Automatic,2
Ford Nexon,2022,12.26,22.2,101566,Petrol,Dealer,Manual,1
Hyundai Swift,2015,2.66,15.95,73431,CNG,Individual,Manual,0
Maruti A4,2021,4.43,8.63,98783,Diesel,Individual,Manual,1
Toyota EcoSport,2014,5.27,28.85,160604,Petrol,Dealer,Automatic,1
Tata City,2016,5.41,24.37,148369,CNG,Dealer,Automatic,2
Maruti Nexon,2011,2.99,15.21,14171,Petrol,Dealer,Manual,0
Toyota Corolla,2022,12.7,24.18,187385,CNG,Individual,Automatic,0
Tata Nexon,2009,0.5,4.63,48361,Diesel,Dealer,Manual,1
Kia City,2023,6.25,8.03,47998,CNG,Individual,Manual,1
Kia Corolla,2019,7.33,20.65,25700,Petrol,Dealer,Manual,0
Kia City,2009,2.4,17.99,96502,Diesel,Individual,Manual,1
Mahindra XUV500,2014,6.18,29.48,152745,Diesel,Dealer,Manual,0
Ford Nexon,2014,0.5,9.82,117230,Petrol,Dealer,Manual,0
Toyota X1,2023,14.58,24.39,65142,Petrol,Individual,Manual,2
Honda Nexon,2020,14.53,31.91,131479,Diesel,Dealer,Manual,1
Audi Seltos,2014,1.71,4.15,166953,Diesel,Dealer,Automatic,0
Toyota Nexon,2009,0.5,6.73,178784,Petrol,Individual,Manual,0
Audi X1,2005,0.5,7.34,18689,Diesel,Individual,Manual,1
BMW Corolla,2024,3.6,8.46,172248,Diesel,Individual,Manual,2
Maruti Swift,2007,0.5,18.7,90091,Diesel,Individual,Manual,0
Honda X1,2005,0.57,33.96,146650,Petrol,Dealer,Manual,0
Honda City,2016,3.92,10.64,37298,Diesel,Dealer,Manual,0
Ford XUV500,2011,1.82,13.36,132426,Diesel,Individual,Manual,0
Mahindra Swift,2021,3.11,4.12,64722,Petrol,Dealer,Automatic,0
Mahindra Swift,2022,11.09,17.13,86938,Diesel,Dealer,Manual,0
Maruti Corolla,2011,2.42,23.42,80277,Diesel,Individual,Manual,3
Tata Nexon,2012,0.5,5.63,109092,CNG,Dealer,Manual,3
Tata EcoSport,2022,12.5,25.69,150328,Petrol,Dealer,Manual,0
Mahindra Seltos,2010,4.56,34.01,102718,Petrol,Dealer,Automatic,0
BMW Corolla,2016,3.59,17.93,31990,Petrol,Dealer,Manual,0
BMW Nexon,2008,3.36,11.36,23689,Diesel,Individual,Manual,0
BMW City,2020,0.5,3.71,104575,Petrol,Individual,Manual,0
Maruti Nexon,2008,1.38,33.1,111121,Petrol,Individual,Manual,1
BMW Swift,2014,0.66,3.76,83513,Petrol,Individual,Automatic,0
Tata Seltos,2023,13.16,22.07,49816,Petrol,Individual,Manual,0
Audi Swift,2019,10.33,26.77,59318,Petrol,Dealer,Manual,0
Hyundai City,2005,1.96,24.7,148697,Petrol,Dealer,Automatic,0
Toyota XUV500,2018,7.04,16.02,5869,Diesel,Individual,Manual,0
BMW Nexon,2011,0.5,11.97,179875,CNG,Individual,Manual,1
Hyundai Seltos,2015,3.55,23.6,112237,Petrol,Dealer,Manual,2
Tata Corolla,2011,0.5,5.27,34493,Petrol,Dealer,Manual,1
BMW i20,2005,2.01,32.61,18652,Petrol,Dealer,Manual,1
Toyota City,2007,1.38,28.88,133128,Petrol,Dealer,Manual,0
Ford Seltos,2024,22.41,30.99,138663,Diesel,Individual,Manual,0
Maruti EcoSport,2013,0.84,5.95,64500,Petrol,Dealer,Automatic,1
Maruti A4,2020,12.11,27.07,11968,Petrol,Dealer,Manual,0
Audi Swift,2012,5.87,30.68,128364,Diesel,Dealer,Manual,0
Maruti Seltos,2023,6.69,11.11,104977,Diesel,Dealer,Manual,0
BMW City,2019,11.05,27.11,59935,Diesel,Dealer,Manual,0
Honda City,2014,3.25,16.47,13640,Petrol,Dealer,Manual,1
Audi XUV500,2021,7.26,10.0,63692,Diesel,Individual,Automatic,2
Maruti Swift,2021,14.69,30.51,128130,Petrol,Dealer,Manual,1
Maruti Nexon,2020,5.64,9.91,30963,Petrol,Individual,Manual,0
Hyundai Nexon,2017,6.31,18.76,9234,Petrol,Dealer,Automatic,2
Tata XUV500,2008,3.09,30.21,16064,CNG,Dealer,Manual,3
Toyota Seltos,2007,0.5,10.43,158407,Diesel,Individual,Manual,0
Hyundai Swift,2013,0.5,3.67,153961,Diesel,Dealer,Manual,1
Kia Seltos,2009,1.75,19.91,195269,Diesel,Dealer,Manual,1
Audi Nexon,2010,2.6,27.12,113944,Petrol,Dealer,Manual,1
Kia EcoSport,2014,3.29,13.17,123028,Diesel,Dealer,Manual,0
Kia Swift,2006,2.17,7.71,54522,Diesel,Individual,Automatic,0
BMW Nexon,2019,9.71,23.56,17226,Diesel,Dealer,Manual,0
Toyota A4,2014,6.03,24.35,48395,Petrol,Individual,Automatic,1
Toyota Swift,2012,0.5,4.48,122269,Petrol,Individual,Manual,1
BMW Nexon,2018,10.38,31.48,152175,Diesel,Dealer,Manual,0
Mahindra Swift,2010,0.5,6.49,80403,Petrol,Individual,Automatic,2
Maruti City,2024,23.99,31.59,30525,Petrol,Dealer,Manual,0
BMW XUV500,2022,15.49,25.74,70206,Diesel,Dealer,Manual,1
Tata Corolla,2023,11.75,17.43,38340,Petrol,Dealer,Manual,2
Hyundai A4,2009,2.79,23.44,115130,Petrol,Dealer,Automatic,0
Hyundai A4,2022,5.06,6.97,41182,Diesel,Individual,Manual,0
Honda Swift,2011,1.6,22.38,154134,Petrol,Dealer,Manual,0
Mahindra X1,2024,23.47,33.77,139327,CNG,Individual,Manual,1
Hyundai Corolla,2015,5.27,22.17,27439,Petrol,Individual,Manual,0
Audi A4,2020,12.16,30.68,190271,Petrol,Individual,Manual,1
Honda City,2024,8.98,10.31,51830,Diesel,Dealer,Automatic,1
Ford A4,2016,7.66,29.23,40903,Diesel,Dealer,Manual,1
Audi Seltos,2006,1.36,18.46,37101,CNG,Dealer,Manual,0
Mahindra XUV500,2014,1.79,11.58,151480,Petrol,Dealer,Automatic,0
Toyota i20,2010,3.23,30.74,82694,Petrol,Dealer,Automatic,1
BMW Seltos,2012,1.23,13.06,195359,Diesel,Dealer,Manual,0
Audi Seltos,2014,0.53,12.38,177257,Petrol,Individual,Manual,1
Audi A4,2017,10.73,34.67,36379,Petrol,Dealer,Manual,1
BMW City,2011,0.5,7.19,156599,Petrol,Dealer,Manual,1
Maruti Swift,2009,0.5,19.57,149972,Petrol,Dealer,Manual,0
Audi XUV500,2017,8.26,24.34,8262,Petrol,Dealer,Manual,0
BMW X1,2012,3.86,21.1,68293,Petrol,Dealer,Automatic,0
Maruti EcoSport,2024,17.16,24.69,199472,Petrol,Dealer,Manual,1
Kia i20,2021,12.49,23.26,97876,Petrol,Dealer,Manual,0
Mahindra Seltos,2012,6.43,32.5,91124,CNG,Dealer,Automatic,1
Audi i20,2022,10.33,19.66,188581,CNG,Individual,Manual,1
Ford EcoSport,2020,5.27,14.22,98095,Petrol,Individual,Manual,1
Maruti Nexon,2024,23.56,32.74,155528,Diesel,Individual,Manual,0
Maruti Nexon,2012,2.87,12.35,151621,Diesel,Dealer,Manual,0
Maruti Seltos,2012,5.49,32.77,181469,Petrol,Dealer,Automatic,0
Tata Swift,2007,0.5,16.69,159455,Petrol,Individual,Manual,2
Honda XUV500,2010,0.5,12.81,81918,Petrol,Dealer,Manual,2
Toyota Seltos,2017,1.87,3.82,40944,Petrol,Dealer,Automatic,0
Maruti Seltos,2022,19.38,34.74,191827,Petrol,Dealer,Automatic,0
Tata XUV500,2016,2.6,12.1,110982,Petrol,Dealer,Manual,1
Kia City,2007,0.5,12.77,129857,CNG,Individual,Manual,2
Kia i20,2022,17.07,31.71,126987,Petrol,Individual,Manual,0
Tata Corolla,2021,15.55,29.41,18780,Diesel,Dealer,Manual,0
Kia Corolla,2019,4.58,17.17,167580,Petrol,Dealer,Manual,0
Honda X1,2012,5.12,24.2,47946,Petrol,Dealer,Automatic,0
Ford Seltos,2017,1.46,5.88,134572,Petrol,Individual,Manual,0
Honda A4,2017,5.45,21.39,142150,Petrol,Dealer,Manual,1
Audi Seltos,2019,0.5,8.05,175526,Petrol,Individual,Manual,0
Kia X1,2014,7.11,29.44,79960,Petrol,Individual,Automatic,0
Maruti Swift,2017,1.13,6.17,83672,Petrol,Individual,Manual,0
Maruti EcoSport,2007,0.5,4.03,149341,Petrol,Dealer,Manual,2
Kia Corolla,2010,0.5,8.58,166215,Diesel,Dealer,Automatic,1
Honda City,2021,11.26,23.92,154395,Petrol,Dealer,Automatic,1
Maruti A4,2015,6.79,33.81,105706,Petrol,Dealer,Manual,1
Toyota XUV500,2020,10.7,29.56,198725,Petrol,Dealer,Manual,1
Honda X1,2012,0.75,19.33,181298,Petrol,Dealer,Automatic,0
Tata City,2014,1.84,13.42,102137,Diesel,Dealer,Manual,1
Audi EcoSport,2010,4.51,33.21,103300,Petrol,Dealer,Automatic,0
Tata EcoSport,2014,6.64,21.55,73207,Diesel,Dealer,Automatic,1
Toyota Corolla,2021,13.72,26.44,185100,Diesel,Individual,Manual,0
Kia City,2013,2.25,22.51,95710,Petrol,Dealer,Manual,0
Kia City,2019,7.85,16.73,40699,Petrol,Dealer,Manual,0
Kia Nexon,2018,5.04,15.88,115966,Diesel,Dealer,Manual,0
Kia City,2015,0.5,4.25,45149,CNG,Dealer,Manual,2
BMW Swift,2023,11.97,15.88,120700,Diesel,Individual,Automatic,0
Kia Corolla,2011,0.5,3.7,140994,Petrol,Dealer,Automatic,0
Maruti Swift,2008,0.78,29.25,174796,Petrol,Dealer,Manual,1
Ford A4,2020,6.46,13.96,71630,Petrol,Dealer,Manual,0
Honda Seltos,2009,0.5,27.45,135035,Petrol,Individual,Manual,0
Hyundai EcoSport,2008,2.02,21.92,39578,Diesel,Dealer,Manual,0
Honda X1,2010,2.89,31.07,68928,Petrol,Dealer,Manual,0
Audi EcoSport,2008,0.99,12.03,125617,Petrol,Dealer,Manual,0
Ford City,2006,0.5,17.18,137233,Petrol,Dealer,Manual,2
Audi EcoSport,2015,1.84,12.29,108306,Petrol,Individual,Manual,1
Hyundai Seltos,2008,0.5,6.74,175393,Petrol,Dealer,Automatic,0
Honda Seltos,2021,16.91,33.23,94904,Diesel,Dealer,Manual,0
Kia XUV500,2005,2.79,23.2,39152,Diesel,Dealer,Manual,0
Tata Corolla,2022,3.5,4.92,92592,CNG,Dealer,Manual,0
Toyota A4,2006,0.55,16.93,53803,Petrol,Dealer,Manual,2
Ford Corolla,2011,1.19,19.26,24053,Petrol,Dealer,Manual,2
Toyota Corolla,2018,8.29,28.22,136004,CNG,Individual,Manual,1
Hyundai X1,2007,0.5,11.49,189442,Petrol,Individual,Manual,0
Maruti A4,2018,2.41,7.51,86422,Petrol,Individual,Automatic,1
Toyota A4,2012,2.46,12.58,72789,Petrol,Dealer,Manual,0
Toyota City,2009,0.5,19.71,152781,Diesel,Dealer,Manual,3
Tata XUV500,2005,0.63,13.42,117470,Petrol,Individual,Automatic,0
Kia EcoSport,2019,5.91,13.53,99913,Diesel,Individual,Manual,0
Honda City,2009,4.37,21.72,12371,Petrol,Dealer,Automatic,0
Tata X1,2024,13.52,19.0,197341,Petrol,Dealer,Manual,0
Honda Seltos,2015,0.5,12.25,123920,Petrol,Dealer,Manual,1
Kia Seltos,2015,0.5,4.81,99634,Petrol,Dealer,Manual,1
Maruti City,2012,4.6,20.66,35771,Diesel,Dealer,Manual,0
Honda EcoSport,2009,0.5,4.16,169439,CNG,Individual,Automatic,0
Toyota X1,2008,0.5,15.97,126136,Diesel,Dealer,Manual,1
Tata Seltos,2023,4.11,5.92,163477,Petrol,Individual,Automatic,0
Toyota XUV500,2023,2.37,3.51,120194,Diesel,Dealer,Manual,0
Tata Seltos,2014,2.04,11.77,50436,Petrol,Individual,Manual,0
Hyundai Corolla,2021,9.23,23.03,79229,Petrol,Dealer,Manual,2
Honda Corolla,2022,10.77,20.19,197888,Petrol,Dealer,Manual,0
Toyota EcoSport,2021,12.98,20.0,141109,Diesel,Dealer,Automatic,0
Toyota i20,2011,1.58,24.87,179462,Diesel,Individual,Manual,1
Mahindra XUV500,2023,14.81,19.76,81382,CNG,Dealer,Automatic,0
Audi Nexon,2016,9.37,29.15,6184,Petrol,Dealer,Manual,0
BMW i20,2007,0.5,9.46,184921,Petrol,Dealer,Manual,0
Hyundai Corolla,2021,10.6,19.36,153929,Diesel,Dealer,Automatic,1
Audi A4,2023,16.5,23.21,62608,Petrol,Individual,Automatic,1
Audi Seltos,2019,8.7,23.2,56322,Petrol,Dealer,Manual,0
BMW X1,2017,10.88,33.5,90058,Petrol,Individual,Manual,0
Tata EcoSport,2011,2.08,6.59,58473,Petrol,Dealer,Manual,0
Mahindra XUV500,2021,3.8,5.93,117651,CNG,Individual,Automatic,1
Tata i20,2017,1.98,6.37,55971,Petrol,Dealer,Manual,1
Tata XUV500,2024,17.07,21.76,12235,Petrol,Dealer,Automatic,1
Ford Nexon,2024,6.75,9.14,128246,Petrol,Dealer,Manual,0
Hyundai Nexon,2015,5.61,30.08,145262,Petrol,Individual,Automatic,0
Audi X1,2023,6.32,14.03,156990,Petrol,Individual,Manual,0
Toyota Swift,2009,1.25,25.3,149993,Diesel,Dealer,Manual,1
Honda XUV500,2016,8.79,26.5,56413,Diesel,Individual,Automatic,0
Audi City,2015,6.97,25.57,137447,Petrol,Dealer,Manual,0
Hyundai XUV500,2023,17.77,29.57,107834,Petrol,Individual,Manual,0
Tata EcoSport,2017,5.02,16.49,73116,Diesel,Dealer,Manual,0
Maruti Nexon,2006,0.5,12.58,105485,CNG,Dealer,Manual,0
Hyundai XUV500,2007,0.5,8.99,137450,Petrol,Dealer,Manual,0
Maruti Corolla,2017,3.91,19.08,132466,Petrol,Dealer,Manual,1
Tata X1,2023,7.07,11.56,126897,Petrol,Dealer,Manual,0
BMW EcoSport,2010,0.59,22.89,142263,Petrol,Individual,Automatic,1
Hyundai XUV500,2024,11.01,14.85,185702,Petrol,Dealer,Manual,1
Hyundai i20,2017,1.47,4.1,78324,Diesel,Dealer,Automatic,0
Tata EcoSport,2015,4.27,10.45,16772,Petrol,Dealer,Manual,0
Audi A4,2012,4.58,28.82,153630,Petrol,Dealer,Automatic,0
Hyundai Corolla,2016,0.5,5.22,107892,Diesel,Individual,Manual,0
Hyundai X1,2024,19.42,26.97,117341,Petrol,Dealer,Manual,1
Mahindra Nexon,2008,1.57,28.54,6515,Diesel,Individual,Manual,2
Tata X1,2012,4.63,29.09,41561,Petrol,Individual,Automatic,0
Audi Seltos,2006,2.71,12.12,66957,Diesel,Individual,Manual,0
Kia City,2006,2.51,5.51,18386,Diesel,Dealer,Automatic,0
Mahindra A4,2012,4.76,30.94,57335,Petrol,Individual,Manual,1
Toyota City,2007,0.93,8.82,55906,Petrol,Dealer,Manual,1
Kia EcoSport,2005,0.5,9.46,39980,Petrol,Dealer,Manual,1
Honda Corolla,2018,10.03,24.64,16516,CNG,Dealer,Manual,0
Hyundai i20,2018,5.7,13.77,20386,Diesel,Dealer,Manual,0
Mahindra XUV500,2024,15.97,20.64,46984,Petrol,Dealer,Manual,0
Hyundai X1,2011,1.31,31.22,123686,Petrol,Dealer,Manual,0
Tata XUV500,2024,11.9,16.8,132732,Diesel,Individual,Automatic,1
Maruti Seltos,2006,2.16,32.82,142126,Petrol,Dealer,Automatic,0
Tata EcoSport,2012,3.84,18.58,71985,Petrol,Dealer,Automatic,1
BMW i20,2010,0.75,26.59,145896,Diesel,Individual,Manual,0
Maruti Seltos,2013,6.39,27.11,33229,Petrol,Dealer,Automatic,0
Maruti XUV500,2022,8.75,17.74,76792,Petrol,Individual,Manual,2
Honda A4,2022,21.23,34.59,118221,Petrol,Dealer,Automatic,2
Ford Seltos,2018,10.82,30.55,67894,Petrol,Dealer,Automatic,0
Mahindra A4,2023,9.16,16.99,107072,Petrol,Dealer,Manual,2
Toyota City,2013,2.13,20.42,142152,CNG,Dealer,Manual,0
Mahindra X1,2007,2.82,23.5,29466,Petrol,Dealer,Automatic,0
Ford X1,2009,0.5,8.91,112392,Petrol,Individual,Manual,2
Maruti Corolla,2014,2.69,19.33,168088,Diesel,Individual,Manual,0
Hyundai Corolla,2018,6.27,20.65,128206,Petrol,Individual,Manual,0
Tata Corolla,2005,1.2,8.41,40897,Petrol,Dealer,Manual,0
Kia A4,2019,14.02,33.54,143009,Diesel,Individual,Automatic,0
Kia Swift,2020,17.25,34.41,111102,Petrol,Dealer,Automatic,1
Hyundai Swift,2013,5.98,20.23,81290,Diesel,Individual,Automatic,1
BMW A4,2014,1.73,8.18,140393,Diesel,Dealer,Manual,0
Honda Seltos,2023,18.27,23.75,112215,Diesel,Dealer,Automatic,0
Hyundai Corolla,2022,16.76,31.34,151702,Petrol,Dealer,Manual,1
Kia Nexon,2009,0.5,14.85,155644,Petrol,Dealer,Manual,0
Mahindra Nexon,2008,2.7,32.67,58364,Petrol,Dealer,Manual,0
Hyundai A4,2014,4.22,20.34,105625,Diesel,Dealer,Manual,0
Mahindra XUV500,2019,9.73,31.25,199824,Petrol,Dealer,Manual,2
Kia Corolla,2018,12.06,33.79,126169,Diesel,Dealer,Automatic,1
Mahindra City,2015,4.13,28.58,155882,CNG,Individual,Manual,0
Toyota XUV500,2005,0.5,5.11,94353,Petrol,Dealer,Manual,0
Audi Nexon,2018,8.33,20.69,107489,Petrol,Dealer,Manual,0
Honda Corolla,2008,2.17,26.03,187730,Diesel,Individual,Manual,2
Hyundai Seltos,2020,1.42,3.53,88521,Petrol,Dealer,Manual,0
Hyundai Corolla,2024,20.3,26.44,141066,Petrol,Individual,Automatic,0
BMW Corolla,2022,8.25,13.83,50178,Diesel,Dealer,Manual,1
Honda X1,2024,23.23,30.89,158956,Diesel,Individual,Manual,0
Ford Nexon,2019,0.57,7.93,158541,Petrol,Dealer,Manual,1
Mahindra Seltos,2007,1.32,13.15,29054,Diesel,Individual,Manual,0
Honda Swift,2016,0.5,5.31,130865,Petrol,Dealer,Manual,2
Ford City,2006,0.5,7.32,13521,Petrol,Dealer,Manual,1
Mahindra Seltos,2015,3.03,7.8,165212,Diesel,Dealer,Manual,0
BMW i20,2016,4.45,14.43,32302,Diesel,Dealer,Manual,1
BMW Seltos,2010,2.96,20.91,13433,Petrol,Dealer,Manual,0
BMW EcoSport,2011,2.25,18.73,53570,Diesel,Individual,Manual,1
Tata Corolla,2014,0.5,5.45,115361,Petrol,Individual,Manual,0
Audi A4,2012,5.29,33.23,158857,Petrol,Dealer,Manual,0
Mahindra XUV500,2016,5.32,10.79,29918,Diesel,Individual,Automatic,2
Mahindra Nexon,2008,1.99,30.22,99948,Petrol,Dealer,Manual,0
Tata XUV500,2022,18.3,32.25,54156,Petrol,Dealer,Manual,0
Mahindra Seltos,2016,8.54,32.05,120819,CNG,Dealer,Manual,0
Mahindra A4,2012,1.93,27.0,160976,Petrol,Individual,Manual,2
Tata EcoSport,2018,3.22,13.26,59633,Petrol,Individual,Manual,0
BMW Swift,2008,0.5,10.61,197537,CNG,Individual,Manual,0
Maruti A4,2012,1.83,9.99,40450,Petrol,Individual,Manual,1
Maruti Nexon,2016,1.67,16.2,155259,Petrol,Individual,Manual,2
Audi Seltos,2017,8.6,24.81,7637,Petrol,Dealer,Manual,0
Honda Seltos,2015,6.36,28.64,93741,Petrol,Dealer,Manual,0
BMW Corolla,2022,4.31,4.98,34475,CNG,Dealer,Automatic,0
Honda Nexon,2006,1.65,27.32,79499,Petrol,Dealer,Manual,0
Toyota EcoSport,2006,0.5,18.44,62104,Petrol,Dealer,Manual,2
BMW A4,2008,1.79,25.58,116560,Petrol,Dealer,Automatic,0
Mahindra City,2015,4.2,19.31,82527,Petrol,Dealer,Manual,1
Toyota City,2021,1.5,6.12,196480,CNG,Dealer,Manual,0
Toyota Seltos,2024,2.59,5.22,192035,Petrol,Dealer,Manual,1
Toyota Corolla,2024,22.83,28.07,38132,Petrol,Dealer,Manual,0
Hyundai EcoSport,2014,3.26,17.89,34992,Petrol,Individual,Manual,1
Audi EcoSport,2021,0.7,4.19,50124,Petrol,Dealer,Manual,2
Honda Corolla,2022,3.6,3.83,42879,Diesel,Dealer,Manual,0
Maruti A4,2020,15.32,33.8,139515,Petrol,Dealer,Automatic,0
Hyundai X1,2023,9.66,16.26,63560,Petrol,Individual,Manual,0
Audi Corolla,2024,7.33,7.13,29502,Diesel,Dealer,Manual,0
Tata Swift,2006,4.6,33.04,79231,Petrol,Dealer,Automatic,0
Maruti EcoSport,2011,2.7,30.82,145021,Petrol,Dealer,Manual,0
BMW Nexon,2009,0.5,5.32,183371,Diesel,Dealer,Manual,1
Hyundai Swift,2015,1.79,8.87,157192,Petrol,Dealer,Automatic,0
Honda X1,2023,8.77,14.15,41160,Petrol,Individual,Manual,0
BMW i20,2020,15.68,33.96,143266,Diesel,Individual,Automatic,0
Mahindra X1,2006,0.5,15.22,186649,Petrol,Dealer,Manual,1
Hyundai EcoSport,2018,3.93,14.46,41307,Petrol,Individual,Manual,0
Audi Corolla,2010,0.5,6.85,160086,Petrol,Dealer,Manual,0
BMW A4,2022,14.04,28.05,159062,Petrol,Individual,Manual,1
Honda A4,2011,3.95,24.82,38477,Petrol,Individual,Manual,0
Ford i20,2007,2.93,33.04,94941,CNG,Dealer,Manual,0
Audi XUV500,2006,0.5,7.46,142815,Petrol,Dealer,Manual,1
Mahindra X1,2008,2.59,30.95,51562,Diesel,Dealer,Manual,0
Mahindra Nexon,2012,1.14,6.38,95925,Diesel,Dealer,Manual,0
Tata Corolla,2006,0.5,13.88,82994,Diesel,Dealer,Manual,2
Kia XUV500,2009,1.17,25.33,16814,Petrol,Dealer,Manual,0
BMW City,2007,0.5,11.71,134753,Petrol,Individual,Manual,1
Hyundai City,2012,0.5,4.35,104397,Petrol,Dealer,Manual,0
Maruti X1,2018,9.2,27.94,155145,Diesel,Dealer,Manual,0
Mahindra EcoSport,2021,10.88,23.86,51705,Petrol,Dealer,Manual,0
Kia Seltos,2020,14.79,34.97,109672,Petrol,Dealer,Manual,0
Tata EcoSport,2011,5.24,29.59,78495,Diesel,Dealer,Manual,0
BMW EcoSport,2006,3.18,34.04,37991,Diesel,Dealer,Manual,0
Kia City,2011,3.5,34.93,12170,Diesel,Dealer,Manual,3
Hyundai Corolla,2015,4.94,24.95,19016,Petrol,Dealer,Manual,1
BMW Corolla,2007,0.5,10.2,148233,Diesel,Individual,Manual,0
Kia i20,2016,1.3,16.04,97244,Petrol,Individual,Manual,0
Kia EcoSport,2017,7.51,25.54,72819,Petrol,Dealer,Manual,0
Hyundai X1,2010,3.59,19.28,33477,Petrol,Individual,Automatic,0
Ford A4,2010,0.5,6.71,34685,Diesel,Individual,Manual,1
Tata Seltos,2014,4.05,21.85,29143,Diesel,Dealer,Manual,2
Tata XUV500,2020,7.1,20.05,75309,Petrol,Individual,Manual,0
Mahindra A4,2009,1.83,31.63,112561,Petrol,Dealer,Manual,1
Ford Swift,2014,2.32,19.65,173600,Petrol,Individual,Manual,1
Audi i20,2016,6.8,24.69,163099,Diesel,Dealer,Manual,0
Maruti EcoSport,2024,25.68,33.55,82928,Petrol,Individual,Manual,0
Maruti XUV500,2014,6.87,27.41,44451,Petrol,Dealer,Automatic,0
Tata i20,2015,5.56,29.73,66554,CNG,Individual,Manual,0
Maruti Seltos,2005,0.5,6.76,37334,Petrol,Dealer,Manual,0
Ford Corolla,2017,5.11,13.0,43967,Petrol,Individual,Manual,1
Ford City,2015,8.14,26.61,68668,Petrol,Dealer,Manual,0
Tata i20,2006,2.81,24.83,29363,Diesel,Dealer,Manual,0
Tata Swift,2009,3.1,9.28,25655,Diesel,Individual,Automatic,1
Honda Corolla,2006,0.5,6.87,182274,CNG,Dealer,Manual,0
Maruti Seltos,2014,2.93,17.65,32818,Petrol,Individual,Manual,0
Toyota i20,2013,0.5,12.05,178084,Diesel,Individual,Manual,1
Hyundai i20,2021,16.32,29.42,5074,Diesel,Dealer,Manual,0
Kia i20,2024,22.06,29.32,98144,Diesel,Dealer,Manual,1
Hyundai EcoSport,2009,2.75,34.29,145319,Diesel,Dealer,Manual,1
Kia Nexon,2013,0.5,14.28,198026,Diesel,Dealer,Manual,3
BMW Nexon,2016,2.75,7.29,86899,Diesel,Dealer,Manual,0
Kia Seltos,2015,2.62,14.87,176169,Diesel,Dealer,Manual,0
Mahindra EcoSport,2010,3.7,28.59,77377,Diesel,Individual,Manual,0
Hyundai Seltos,2022,5.74,8.05,43445,Diesel,Dealer,Manual,0
Hyundai Nexon,2019,12.65,33.73,86171,Diesel,Individual,Manual,0
Honda A4,2012,3.43,23.41,54853,Petrol,Dealer,Automatic,1
Mahindra EcoSport,2014,2.63,23.28,196428,Petrol,Dealer,Manual,0
Audi Swift,2015,10.58,25.59,17404,Diesel,Dealer,Automatic,0
Maruti X1,2018,11.28,31.99,70641,Diesel,Dealer,Manual,0
Audi Seltos,2010,4.04,29.7,20605,CNG,Dealer,Manual,0
Hyundai Nexon,2017,2.78,17.95,137596,Petrol,Dealer,Manual,2
Hyundai City,2006,0.5,7.44,154634,Petrol,Individual,Manual,0
Audi Nexon,2024,26.53,33.81,50890,Petrol,Individual,Automatic,1
Hyundai Nexon,2006,0.5,4.28,168535,CNG,Dealer,Manual,1
BMW Seltos,2013,0.5,4.12,149575,Diesel,Dealer,Manual,3
Honda XUV500,2007,3.25,23.98,82567,Diesel,Dealer,Manual,0
Tata Swift,2014,1.13,7.89,130942,Diesel,Dealer,Automatic,2
Mahindra Seltos,2024,9.15,10.29,10057,Petrol,Individual,Automatic,0
Maruti A4,2018,0.5,4.03,175203,Petrol,Dealer,Manual,1
Honda i20,2011,0.69,22.38,162060,CNG,Individual,Manual,1
Tata Seltos,2010,2.85,13.69,92362,Diesel,Dealer,Automatic,1
Tata Nexon,2023,12.43,23.76,98789,Petrol,Dealer,Manual,1
BMW Swift,2012,2.08,19.91,70747,Petrol,Dealer,Manual,2
Audi Nexon,2018,9.23,32.4,184965,Petrol,Individual,Manual,1
Hyundai Corolla,2021,11.63,23.63,115805,Petrol,Individual,Automatic,0
Toyota Seltos,2009,0.5,7.5,145287,Petrol,Dealer,Automatic,1
Kia Corolla,2023,18.96,28.6,108863,Petrol,Dealer,Automatic,1
Hyundai Nexon,2005,1.94,32.94,84888,CNG,Individual,Manual,0
Mahindra EcoSport,2015,1.23,13.11,159841,Petrol,Dealer,Manual,1
Honda Seltos,2020,7.82,20.88,138922,Petrol,Individual,Manual,0
Toyota Nexon,2006,0.5,5.91,140604,Petrol,Dealer,Automatic,0
Maruti EcoSport,2010,2.2,32.39,146774,Petrol,Individual,Manual,0
Kia Swift,2018,6.19,19.03,130695,Petrol,Dealer,Manual,1
Toyota i20,2018,2.7,12.0,31393,Petrol,Dealer,Manual,1
Honda Swift,2020,9.85,22.49,83422,Petrol,Dealer,Manual,0
Hyundai Seltos,2016,0.5,4.07,165014,Diesel,Individual,Manual,1
Hyundai XUV500,2015,6.42,28.17,122174,Petrol,Dealer,Manual,3
Honda EcoSport,2011,0.5,5.48,133411,Diesel,Dealer,Manual,3
Toyota i20,2017,11.59,31.5,129891,Petrol,Dealer,Automatic,0
Kia i20,2005,0.5,17.99,188024,Petrol,Individual,Manual,0
Hyundai i20,2019,7.71,22.2,154328,Petrol,Dealer,Manual,0
BMW City,2010,0.5,11.59,193644,Petrol,Dealer,Automatic,0
Hyundai Nexon,2015,0.5,5.78,146691,Petrol,Individual,Manual,0
Toyota Seltos,2022,9.02,13.44,25187,Petrol,Dealer,Manual,0
Maruti i20,2012,1.87,15.05,9782,Petrol,Individual,Manual,0
Audi A4,2018,1.66,9.06,140653,CNG,Individual,Manual,1
Kia Seltos,2024,6.96,8.51,126211,Diesel,Individual,Automatic,2
Hyundai Seltos,2023,17.08,26.83,133303,Petrol,Dealer,Manual,0
Audi A4,2019,3.76,14.13,68079,Petrol,Dealer,Manual,2
Maruti Seltos,2023,18.32,30.32,109292,CNG,Individual,Manual,3
Hyundai Nexon,2019,1.57,5.57,152680,Diesel,Individual,Automatic,1
Maruti X1,2016,5.12,20.55,120436,Petrol,Individual,Manual,0
Mahindra Nexon,2014,2.27,17.74,109823,Diesel,Individual,Manual,3
Hyundai Nexon,2007,1.66,14.53,29502,Diesel,Dealer,Manual,1
BMW XUV500,2009,0.65,15.35,137903,Petrol,Dealer,Automatic,2
Toyota X1,2020,5.06,13.47,105128,CNG,Individual,Manual,1
Tata Swift,2024,10.44,14.82,63759,Petrol,Individual,Manual,0
Tata Swift,2021,16.82,34.34,72005,Petrol,Dealer,Manual,1
Toyota XUV500,2007,1.24,23.82,141606,Diesel,Individual,Automatic,2
Mahindra Swift,2011,4.33,19.82,26498,Petrol,Individual,Automatic,0
Audi A4,2008,2.14,30.23,61747,Petrol,Dealer,Manual,1
Mahindra Swift,2024,24.63,32.35,150764,Petrol,Individual,Automatic,0
Tata City,2007,3.09,31.6,126670,Diesel,Dealer,Manual,0
Hyundai X1,2012,1.25,16.53,171490,Diesel,Dealer,Manual,1
Kia Swift,2022,20.11,31.01,43032,Diesel,Dealer,Manual,0
Tata Corolla,2016,2.88,9.96,25982,Petrol,Dealer,Manual,0
BMW Seltos,2016,4.55,18.16,49194,Petrol,Dealer,Manual,1
Mahindra Nexon,2024,20.96,26.23,38161,Diesel,Dealer,Automatic,1
BMW X1,2012,4.72,26.27,73274,Petrol,Dealer,Automatic,1
Maruti X1,2016,7.1,29.99,104270,Petrol,Dealer,Manual,1
BMW Corolla,2006,2.56,34.43,25607,Diesel,Individual,Manual,1
Hyundai Swift,2008,3.65,26.38,76327,Diesel,Dealer,Automatic,1
Mahindra XUV500,2016,1.27,7.5,113306,Diesel,Dealer,Manual,3
Mahindra i20,2024,10.76,15.58,178567,Diesel,Dealer,Manual,0
Tata A4,2014,7.07,28.08,19429,Diesel,Individual,Automatic,0
Honda Corolla,2008,0.5,21.13,104862,Petrol,Individual,Manual,2
Hyundai A4,2019,8.69,20.42,162217,Petrol,Dealer,Automatic,0
Ford Swift,2016,6.41,26.67,10062,Petrol,Individual,Manual,2
BMW A4,2006,1.03,22.62,105025,CNG,Dealer,Manual,0
Tata Nexon,2005,0.5,21.11,163322,Petrol,Individual,Automatic,0
Honda i20,2013,3.5,25.96,66914,Petrol,Dealer,Manual,2
Maruti X1,2006,1.53,21.67,96141,Diesel,Dealer,Manual,0
Mahindra Corolla,2021,2.54,5.95,75799,Diesel,Dealer,Manual,2
Honda Nexon,2023,22.85,33.17,6102,Diesel,Dealer,Manual,0
Tata XUV500,2007,2.1,15.6,131270,Petrol,Dealer,Automatic,0
Maruti XUV500,2021,10.74,20.85,29406,Petrol,Individual,Manual,0
Mahindra A4,2017,0.5,5.3,156872,Petrol,Individual,Manual,0
Kia XUV500,2023,7.83,13.13,114413,Petrol,Dealer,Manual,1
Kia i20,2011,0.5,17.3,174251,Petrol,Individual,Manual,1
Mahindra Nexon,2013,2.14,16.32,40201,Diesel,Individual,Manual,2
Toyota Seltos,2010,0.55,25.1,145849,Petrol,Dealer,Manual,0
Hyundai XUV500,2024,11.99,16.67,143905,Petrol,Dealer,Manual,1
Ford Corolla,2008,0.5,13.96,90395,Petrol,Dealer,Manual,1
Ford XUV500,2017,6.09,22.64,115284,Petrol,Dealer,Manual,1
Ford Swift,2011,1.83,12.87,104612,Petrol,Dealer,Automatic,0
Kia Seltos,2023,8.88,14.8,93697,Petrol,Dealer,Manual,0
Maruti Swift,2013,0.5,11.92,149338,Diesel,Individual,Manual,0
BMW i20,2016,2.9,7.61,24622,Petrol,Dealer,Manual,0
Ford A4,2023,18.0,26.99,8196,Petrol,Dealer,Manual,0
Maruti i20,2019,4.91,17.98,137177,Petrol,Dealer,Manual,1
Mahindra i20,2020,5.22,8.89,104794,Diesel,Dealer,Automatic,1
Kia EcoSport,2013,0.5,5.83,152214,CNG,Individual,Manual,0
Tata Nexon,2010,2.85,21.53,8262,Petrol,Dealer,Manual,1
Ford i20,2013,2.73,20.64,186689,CNG,Dealer,Automatic,0
Honda XUV500,2010,2.88,26.71,134662,CNG,Dealer,Manual,0
Maruti Corolla,2024,22.16,31.05,175363,Diesel,Dealer,Manual,0
Audi Swift,2021,2.75,6.61,144149,Petrol,Dealer,Manual,0
Maruti Nexon,2014,5.07,29.46,99924,Petrol,Individual,Manual,0
Ford Swift,2008,2.94,20.37,87809,Diesel,Individual,Manual,0
Kia X1,2010,0.62,10.87,168521,Petrol,Dealer,Automatic,0
Mahindra Seltos,2018,4.15,14.94,130074,Petrol,Dealer,Manual,2
Ford i20,2022,2.75,7.32,92193,Petrol,Dealer,Automatic,0
Toyota Seltos,2019,13.38,32.84,107544,Diesel,Dealer,Manual,0
Tata XUV500,2015,7.03,23.47,36385,Petrol,Individual,Automatic,0
Tata i20,2006,0.5,21.71,144931,Petrol,Dealer,Manual,0
Hyundai XUV500,2013,0.82,18.57,149613,Petrol,Individual,Manual,1
Honda Seltos,2019,10.91,32.85,106925,Petrol,Individual,Manual,1
Tata City,2022,17.0,29.8,120981,Petrol,Individual,Automatic,0
Honda XUV500,2012,2.59,23.77,55411,Petrol,Dealer,Automatic,2
Ford EcoSport,2015,5.48,32.7,79804,Petrol,Dealer,Manual,2
Ford Corolla,2024,25.83,31.15,33876,Diesel,Dealer,Manual,1
Kia X1,2014,0.72,6.45,139418,Petrol,Dealer,Manual,1
Kia Nexon,2005,1.68,20.44,59639,Petrol,Dealer,Automatic,0
Hyundai Swift,2015,2.69,17.57,75658,Petrol,Individual,Manual,0
Maruti City,2005,0.5,34.02,147667,Diesel,Dealer,Manual,1
Maruti A4,2019,5.01,9.77,13749,Petrol,Dealer,Automatic,0
Toyota X1,2023,4.72,9.62,37583,Petrol,Dealer,Manual,2
Tata XUV500,2020,7.52,15.12,25460,CNG,Dealer,Manual,0
Tata i20,2007,1.46,25.73,174446,Diesel,Dealer,Manual,1
Audi City,2019,6.49,20.31,85758,Petrol,Dealer,Manual,1
Audi EcoSport,2020,1.88,11.1,198435,Petrol,Individual,Manual,1
Hyundai City,2013,5.66,25.56,86718,Petrol,Dealer,Automatic,0
Kia Corolla,2024,17.16,23.54,119634,Diesel,Dealer,Manual,0
Toyota Nexon,2016,6.52,22.11,157586,Diesel,Dealer,Automatic,0
Mahindra EcoSport,2009,0.5,13.03,160794,Petrol,Dealer,Manual,1
Maruti Seltos,2020,0.5,3.98,137267,Petrol,Dealer,Manual,0
Kia City,2021,0.71,3.92,164254,Diesel,Dealer,Manual,0
Maruti Swift,2021,1.18,3.78,137767,Petrol,Dealer,Manual,0
BMW Seltos,2013,9.34,34.83,30651,Diesel,Dealer,Manual,0
Ford i20,2019,2.61,10.95,174712,CNG,Dealer,Automatic,3
Audi Seltos,2013,0.86,11.21,74103,CNG,Individual,Manual,0
Ford Corolla,2009,2.65,32.1,150800,Petrol,Individual,Manual,1
Honda Seltos,2005,0.66,5.72,32632,Petrol,Dealer,Automatic,2
Mahindra X1,2011,4.01,27.56,60381,Diesel,Individual,Manual,1
Toyota i20,2007,0.5,23.22,118759,Petrol,Dealer,Manual,1
Maruti EcoSport,2006,0.66,12.02,32213,Petrol,Dealer,Manual,0
Hyundai A4,2023,18.7,25.9,113154,Diesel,Dealer,Automatic,0
Honda City,2023,2.69,6.68,156212,CNG,Individual,Manual,0
Toyota Seltos,2007,0.5,22.17,183168,Petrol,Dealer,Automatic,0
Hyundai X1,2005,0.5,9.06,85770,Petrol,Dealer,Automatic,2
Kia A4,2014,0.5,6.11,195128,CNG,Dealer,Manual,0
Toyota Seltos,2011,2.3,17.87,133022,Petrol,Dealer,Manual,1
Toyota A4,2019,14.15,33.3,115189,Petrol,Dealer,Automatic,0
Tata Seltos,2008,0.5,21.44,151935,Petrol,Dealer,Manual,0
Tata City,2018,7.7,24.35,124694,CNG,Individual,Manual,1
Mahindra EcoSport,2010,1.67,5.26,27694,Diesel,Dealer,Automatic,2
BMW Seltos,2021,1.06,5.09,160887,CNG,Individual,Manual,1
BMW X1,2009,1.57,9.53,30457,Petrol,Dealer,Automatic,0
Maruti Swift,2019,9.58,24.26,179104,Petrol,Dealer,Manual,0
Tata Swift,2020,4.68,12.43,74687,Diesel,Individual,Manual,0
Kia City,2021,11.71,24.08,173369,Diesel,Dealer,Manual,0
Maruti Swift,2016,2.44,5.77,124217,Diesel,Dealer,Automatic,0
Audi Corolla,2010,1.11,24.56,139847,Petrol,Individual,Manual,2
BMW Swift,2019,4.11,5.64,15778,Diesel,Individual,Manual,0
Honda EcoSport,2018,13.69,34.77,67543,Petrol,Dealer,Manual,0
Toyota Corolla,2021,11.14,19.65,61221,Petrol,Dealer,Manual,1
Honda Corolla,2020,7.46,20.65,196385,Petrol,Individual,Manual,1
Audi Seltos,2005,1.12,24.13,49458,Diesel,Dealer,Manual,0
Hyundai Seltos,2016,2.39,12.89,113880,Petrol,Dealer,Manual,1
Tata City,2017,6.16,19.31,174809,Diesel,Dealer,Manual,0
Ford City,2021,15.73,31.69,14834,Petrol,Dealer,Manual,1
BMW EcoSport,2015,0.63,10.33,109194,CNG,Dealer,Manual,0
Ford City,2024,14.89,20.62,58171,Petrol,Dealer,Manual,1
Ford Corolla,2024,10.83,18.28,145547,Petrol,Individual,Manual,2
Ford Seltos,2016,8.69,30.05,45002,Petrol,Dealer,Manual,0
Kia Seltos,2008,2.57,17.7,43897,Diesel,Dealer,Manual,1
Ford Seltos,2013,2.09,17.95,158893,Diesel,Individual,Automatic,1
Maruti Corolla,2023,22.98,34.88,138909,Petrol,Individual,Manual,0
Audi City,2010,3.52,25.49,148008,Diesel,Dealer,Automatic,0
Maruti Corolla,2014,0.5,7.92,137574,Petrol,Dealer,Manual,1
Maruti i20,2005,1.3,29.11,28671,Petrol,Individual,Manual,0
Audi i20,2011,2.15,19.36,67576,Petrol,Individual,Manual,1
Toyota A4,2005,2.64,32.81,64155,Petrol,Dealer,Automatic,1
Hyundai Corolla,2014,1.97,11.04,107395,Petrol,Dealer,Manual,1
Maruti i20,2013,2.25,23.68,106999,Petrol,Dealer,Manual,0
Ford A4,2024,22.36,29.54,81772,Petrol,Dealer,Manual,1
Honda A4,2023,13.67,21.54,140607,Diesel,Dealer,Manual,0
Maruti Corolla,2018,6.29,24.41,197479,Petrol,Dealer,Manual,0
BMW i20,2023,23.26,33.47,14399,Petrol,Individual,Manual,0
Toyota Swift,2020,7.71,15.19,43165,Petrol,Dealer,Manual,1
Maruti Swift,2016,0.87,9.55,144190,Petrol,Individual,Automatic,2
BMW XUV500,2007,2.38,10.79,35020,Petrol,Dealer,Automatic,0
BMW Nexon,2011,4.07,22.48,39622,Diesel,Individual,Manual,0
Maruti EcoSport,2017,8.11,30.62,31372,Petrol,Individual,Manual,1
Hyundai i20,2011,2.63,21.67,55192,Petrol,Individual,Automatic,2
Audi i20,2017,2.68,7.56,88509,Diesel,Individual,Manual,0
Maruti A4,2008,0.69,18.73,72507,Petrol,Dealer,Manual,0
Mahindra Swift,2021,6.89,9.48,20732,Diesel,Dealer,Manual,0
Maruti Nexon,2010,0.5,12.24,180311,Diesel,Individual,Manual,1
Mahindra i20,2008,2.55,21.7,114920,CNG,Dealer,Manual,2
Mahindra City,2011,2.46,12.08,107826,Petrol,Dealer,Automatic,0
Tata City,2007,2.28,22.18,91158,Petrol,Dealer,Automatic,2
Ford EcoSport,2018,8.29,23.81,22165,Diesel,Individual,Manual,0
Honda Nexon,2017,3.86,15.05,47299,Petrol,Dealer,Manual,0
Honda i20,2023,6.4,9.09,78631,Diesel,Individual,Manual,0
Maruti A4,2023,15.06,20.59,85981,Petrol,Dealer,Automatic,0
Honda XUV500,2018,3.05,8.62,19123,Petrol,Individual,Manual,0
Tata i20,2024,19.64,26.86,125385,CNG,Dealer,Manual,1
Kia X1,2022,17.63,31.59,134651,Petrol,Dealer,Manual,2
Tata A4,2021,8.61,20.13,125725,Petrol,Dealer,Manual,0
Ford Seltos,2007,0.5,4.31,195930,Diesel,Individual,Manual,2
BMW XUV500,2008,3.68,31.19,46787,Petrol,Dealer,Manual,2
Honda Swift,2008,2.3,22.51,88251,Petrol,Dealer,Automatic,1
Audi Swift,2020,13.98,28.72,53068,CNG,Dealer,Manual,0
Honda Seltos,2011,0.9,5.28,10947,Petrol,Dealer,Manual,1
Hyundai Swift,2011,4.22,32.04,149490,Diesel,Individual,Manual,1
Honda Nexon,2008,0.5,6.49,132135,Petrol,Individual,Manual,0
Maruti City,2009,3.14,32.03,59672,Petrol,Dealer,Manual,1
Honda X1,2020,0.97,4.55,33460,Petrol,Dealer,Manual,1
Mahindra City,2015,1.3,7.76,38001,Petrol,Dealer,Manual,0
Tata A4,2022,16.7,29.94,56690,Diesel,Dealer,Manual,2
Hyundai Corolla,2008,0.5,15.74,155405,Petrol,Dealer,Manual,2
Ford Swift,2013,1.96,12.17,33834,Petrol,Dealer,Automatic,1
Tata EcoSport,2024,12.18,16.35,134632,Petrol,Dealer,Automatic,0
Mahindra X1,2015,5.99,20.43,195208,Diesel,Dealer,Automatic,0
Toyota X1,2005,0.74,17.24,121062,Petrol,Dealer,Automatic,0
Toyota EcoSport,2017,9.52,34.29,169512,Petrol,Dealer,Manual,0
Mahindra A4,2020,9.93,23.69,65520,Petrol,Dealer,Automatic,2
Honda A4,2019,10.26,25.34,161290,Diesel,Individual,Automatic,3
Kia A4,2008,1.8,13.42,54907,CNG,Individual,Manual,0
Honda Seltos,2009,3.43,34.45,106490,Petrol,Dealer,Manual,2
Maruti Nexon,2013,2.43,27.36,72945,Petrol,Individual,Manual,1
Kia City,2012,2.87,29.92,167717,Petrol,Dealer,Manual,0
Hyundai City,2020,2.42,11.68,145118,CNG,Dealer,Manual,1
Toyota i20,2006,2.75,29.94,88184,Diesel,Dealer,Manual,1
Hyundai X1,2014,5.37,26.27,92273,Petrol,Individual,Automatic,0
Ford Corolla,2012,2.37,29.38,142098,Petrol,Dealer,Manual,0
Ford City,2022,5.5,11.98,149905,Petrol,Dealer,Manual,2
Honda Swift,2012,5.06,25.9,72061,Petrol,Dealer,Automatic,1
Maruti City,2010,0.5,9.27,58380,Petrol,Dealer,Manual,0
Maruti Corolla,2006,0.5,7.59,190248,Diesel,Individual,Automatic,0
Hyundai Seltos,2019,13.18,32.83,119360,Petrol,Dealer,Manual,0
Maruti A4,2010,0.5,5.14,128971,Petrol,Dealer,Manual,1
Kia XUV500,2007,0.5,6.12,55812,Diesel,Dealer,Manual,1
Toyota A4,2014,2.59,9.75,75649,Petrol,Dealer,Manual,0
BMW Seltos,2021,7.18,18.71,102091,Petrol,Individual,Manual,0
Ford EcoSport,2015,6.68,34.53,124107,Petrol,Dealer,Manual,2
Toyota City,2006,2.39,28.02,84364,Petrol,Individual,Manual,0
Kia Seltos,2014,3.48,16.19,62609,Petrol,Individual,Manual,0
Mahindra Nexon,2023,15.11,24.67,187403,Petrol,Individual,Automatic,0
Ford City,2006,2.56,18.98,134198,Petrol,Dealer,Automatic,0
Maruti Corolla,2022,4.88,9.77,77594,Petrol,Dealer,Manual,0
Kia Seltos,2010,0.82,15.94,55385,Petrol,Dealer,Manual,1
Mahindra X1,2007,1.71,32.82,88108,Petrol,Individual,Manual,0
Kia Corolla,2011,2.96,27.46,133676,Diesel,Individual,Manual,0
Honda Seltos,2019,4.59,12.8,19633,CNG,Individual,Manual,0
Tata Seltos,2019,6.33,22.06,192223,Petrol,Individual,Manual,0
Ford EcoSport,2008,2.02,5.05,22634,Diesel,Individual,Manual,0
Ford EcoSport,2009,1.21,4.78,30378,Diesel,Individual,Automatic,0
Toyota Corolla,2005,0.5,34.88,196911,Petrol,Dealer,Manual,0
Honda Seltos,2011,2.57,22.55,106732,Diesel,Individual,Manual,0
Audi Seltos,2013,2.82,23.95,144593,Petrol,Dealer,Manual,0
Hyundai City,2015,0.5,7.52,184772,Petrol,Dealer,Manual,2
Hyundai Corolla,2009,2.69,19.91,88707,Diesel,Dealer,Manual,0
Tata X1,2019,2.35,7.43,118920,Petrol,Dealer,Manual,0
Honda A4,2014,7.86,34.56,16929,Petrol,Dealer,Manual,0
Toyota A4,2012,2.42,20.62,57132,Petrol,Individual,Manual,2
Toyota XUV500,2011,2.48,7.0,69068,Diesel,Dealer,Automatic,0
Hyundai EcoSport,2015,1.57,8.65,184884,Petrol,Dealer,Automatic,1
BMW XUV500,2011,1.58,6.59,100028,Diesel,Dealer,Automatic,0
Tata EcoSport,2010,2.18,20.13,60032,Diesel,Dealer,Manual,0
Ford Corolla,2006,0.5,24.0,124720,Diesel,Dealer,Manual,0
Hyundai City,2022,6.36,15.73,198065,Petrol,Dealer,Manual,0
Mahindra City,2016,7.93,29.63,6950,Petrol,Individual,Manual,1
BMW XUV500,2023,18.41,27.01,13562,Diesel,Individual,Manual,0
Mahindra EcoSport,2014,5.02,30.27,154884,Petrol,Dealer,Manual,0
BMW Swift,2008,1.41,34.39,52650,Petrol,Dealer,Manual,1
Tata City,2009,0.5,18.4,119427,Petrol,Dealer,Manual,0
BMW EcoSport,2012,1.79,11.89,48039,CNG,Dealer,Manual,0
Toyota EcoSport,2017,4.87,24.1,83616,Petrol,Dealer,Manual,3
Hyundai A4,2019,0.5,7.12,143482,Petrol,Individual,Manual,1
Honda XUV500,2005,0.5,9.92,176484,CNG,Individual,Manual,1
Honda X1,2005,0.5,4.21,110231,Petrol,Dealer,Automatic,1
Kia X1,2005,1.46,28.13,40814,CNG,Dealer,Manual,2
Ford A4,2012,3.77,19.69,72021,CNG,Dealer,Automatic,2
Ford Swift,2024,8.53,13.99,142559,Petrol,Dealer,Manual,0
Kia X1,2010,0.5,3.51,36127,Petrol,Dealer,Manual,1
Kia A4,2009,0.5,8.18,122116,CNG,Individual,Manual,1
Ford EcoSport,2010,0.5,6.9,145777,Petrol,Dealer,Automatic,1
Mahindra Nexon,2011,1.66,6.49,11050,Petrol,Individual,Manual,0
Mahindra Corolla,2009,0.5,7.52,85983,Diesel,Dealer,Manual,1
Audi Swift,2019,7.07,16.28,110935,Petrol,Dealer,Automatic,1
Audi EcoSport,2014,4.25,18.87,32268,Petrol,Dealer,Manual,0
Toyota i20,2018,8.89,30.62,166940,Petrol,Dealer,Manual,0
Honda Nexon,2008,1.05,10.48,70424,Petrol,Individual,Automatic,0
Honda City,2007,2.54,26.71,37599,CNG,Individual,Manual,0
Honda Seltos,2014,6.04,31.2,5319,Diesel,Dealer,Manual,0
Tata A4,2005,1.27,21.51,196634,Petrol,Individual,Automatic,0
Toyota i20,2011,2.67,17.06,78973,Diesel,Dealer,Manual,0
Honda City,2023,14.62,17.9,30230,Diesel,Dealer,Manual,0
Maruti i20,2009,4.99,32.71,108424,Diesel,Dealer,Manual,0
Hyundai i20,2008,0.5,20.42,195326,Petrol,Individual,Manual,3
Honda Seltos,2014,4.29,19.64,22718,Petrol,Dealer,Manual,0
Maruti City,2009,1.38,31.99,141746,Petrol,Dealer,Manual,1
Ford A4,2006,2.12,20.0,27185,Diesel,Dealer,Manual,0
Maruti Seltos,2007,0.5,5.49,186203,Petrol,Dealer,Manual,1
Ford X1,2015,8.08,26.29,8809,Petrol,Individual,Automatic,1
Honda XUV500,2011,2.56,20.05,169348,Petrol,Individual,Automatic,1
Honda Nexon,2021,6.22,10.26,53791,Diesel,Dealer,Manual,1
Mahindra Corolla,2012,0.5,12.37,83413,Petrol,Dealer,Manual,1
Hyundai City,2016,8.01,19.4,61627,Diesel,Dealer,Automatic,1
Ford X1,2021,5.28,8.97,50530,Petrol,Dealer,Manual,1
Ford Nexon,2024,4.87,8.68,142877,Petrol,Dealer,Manual,0
Ford A4,2016,3.32,20.36,102285,Petrol,Individual,Manual,1
Toyota Corolla,2017,5.16,17.23,22198,Petrol,Dealer,Manual,0
Kia EcoSport,2020,0.5,5.32,126701,Diesel,Dealer,Manual,0
Kia City,2016,4.11,11.64,57587,Petrol,Dealer,Automatic,0
Ford Nexon,2012,1.3,8.39,33460,Diesel,Dealer,Manual,1
Toyota A4,2020,7.68,14.28,54116,Diesel,Dealer,Automatic,1
BMW Seltos,2020,10.26,23.98,117684,Petrol,Individual,Manual,0
Audi EcoSport,2012,5.27,32.49,113336,Petrol,Dealer,Manual,0
Hyundai Corolla,2022,3.35,9.34,143001,CNG,Individual,Manual,0
Mahindra XUV500,2009,0.5,5.53,64099,Petrol,Dealer,Manual,1
BMW EcoSport,2012,1.98,21.32,145668,Diesel,Dealer,Manual,0
Kia Swift,2017,3.53,17.45,146408,Petrol,Individual,Manual,1
Tata Corolla,2008,1.4,15.96,127330,CNG,Dealer,Manual,0
Audi EcoSport,2016,1.77,15.0,115205,Diesel,Individual,Manual,1
Mahindra Nexon,2010,5.51,34.57,129726,Diesel,Individual,Manual,0
Maruti City,2016,2.73,20.1,90818,Diesel,Individual,Manual,1
Audi X1,2015,3.87,15.9,25323,Diesel,Dealer,Manual,0
Toyota Nexon,2007,2.37,13.4,29918,Petrol,Individual,Automatic,2
Kia Corolla,2005,0.54,12.15,113886,Petrol,Dealer,Manual,0
Hyundai Seltos,2019,8.12,19.86,159824,Diesel,Individual,Automatic,1
Tata A4,2020,7.33,21.5,171762,Petrol,Individual,Manual,0
Toyota X1,2017,6.83,23.78,80948,Diesel,Dealer,Manual,1
Honda i20,2021,9.1,17.95,190010,Diesel,Dealer,Manual,0
Ford i20,2019,3.06,11.4,23800,Petrol,Dealer,Manual,0
Toyota Nexon,2009,0.5,21.76,174573,CNG,Dealer,Manual,2
BMW Swift,2018,3.59,12.72,158650,Diesel,Dealer,Manual,0
Tata i20,2008,1.74,28.95,192453,CNG,Dealer,Manual,1
Toyota Seltos,2017,3.61,15.84,154749,Diesel,Individual,Manual,0
Mahindra EcoSport,2022,6.86,11.59,54323,Diesel,Dealer,Manual,0
BMW XUV500,2019,10.58,33.44,193255,Petrol,Dealer,Manual,2
Ford XUV500,2020,8.97,19.39,165230,Diesel,Dealer,Automatic,0
Ford X1,2023,11.47,15.15,15529,Diesel,Individual,Manual,0
Audi X1,2017,3.11,13.92,69814,Petrol,Dealer,Manual,3
Hyundai EcoSport,2014,3.62,25.62,161270,Petrol,Dealer,Automatic,1
BMW Corolla,2006,1.12,21.66,52003,Petrol,Dealer,Manual,0
Audi i20,2016,1.89,20.51,155466,Petrol,Dealer,Manual,0
Mahindra A4,2016,3.01,11.39,107652,Petrol,Individual,Automatic,0
Kia XUV500,2024,8.54,11.37,113611,Diesel,Dealer,Manual,1
Maruti Seltos,2022,17.72,28.49,87970,Diesel,Dealer,Manual,2
Honda XUV500,2013,0.5,5.48,128649,Petrol,Dealer,Manual,0
Maruti Corolla,2017,2.76,13.28,195076,CNG,Dealer,Manual,0
Honda XUV500,2021,17.25,33.74,119780,Petrol,Dealer,Manual,0
Toyota A4,2018,11.27,30.45,109987,Diesel,Dealer,Manual,0
Honda Swift,2013,1.38,16.35,185889,Diesel,Individual,Manual,1
Ford Nexon,2017,11.28,34.5,142727,CNG,Dealer,Automatic,1
Audi Corolla,2018,12.66,31.07,22101,CNG,Dealer,Manual,1
Honda City,2016,1.48,11.11,159088,Diesel,Dealer,Manual,1
BMW XUV500,2017,5.6,23.49,150762,Petrol,Dealer,Automatic,0
BMW Nexon,2014,2.8,6.6,74715,CNG,Dealer,Manual,0
Hyundai X1,2007,0.5,19.68,130332,Petrol,Dealer,Manual,0
Tata XUV500,2019,4.1,13.08,11574,Diesel,Individual,Manual,3
Honda Seltos,2019,2.63,9.13,59160,Petrol,Dealer,Manual,0
Hyundai Seltos,2012,2.08,19.94,40198,Petrol,Dealer,Automatic,3
Toyota X1,2020,7.83,16.67,183725,Diesel,Individual,Automatic,1
Toyota XUV500,2014,1.99,23.23,191764,Petrol,Dealer,Manual,2
Ford XUV500,2009,0.5,9.15,180487,Petrol,Individual,Manual,0
Ford X1,2015,6.79,20.98,75441,Petrol,Dealer,Automatic,0
Hyundai X1,2020,11.64,22.91,66009,Petrol,Dealer,Automatic,1
Hyundai X1,2012,1.97,14.23,162998,Diesel,Dealer,Manual,0
Ford X1,2006,0.64,25.4,187698,Diesel,Dealer,Automatic,1
Kia Corolla,2005,0.5,13.73,103447,Petrol,Dealer,Manual,1
Tata X1,2012,2.43,26.65,98993,Petrol,Individual,Manual,0
Honda i20,2019,13.77,28.98,23996,Diesel,Dealer,Automatic,0
Honda i20,2017,1.9,12.89,136120,Petrol,Individual,Manual,1
Audi Corolla,2011,2.72,32.24,193482,Diesel,Dealer,Manual,1
Mahindra X1,2011,0.5,3.76,160546,Petrol,Dealer,Manual,0
Honda City,2021,5.17,13.33,98616,Petrol,Dealer,Manual,0
Tata Corolla,2021,1.65,5.37,125454,Petrol,Dealer,Manual,0
BMW X1,2017,0.5,3.76,196799,Petrol,Dealer,Manual,2
Kia Corolla,2006,0.5,12.11,181571,Petrol,Individual,Manual,0
BMW EcoSport,2024,8.18,10.74,120503,Petrol,Dealer,Manual,0
Hyundai EcoSport,2018,5.5,13.54,108591,Petrol,Dealer,Manual,0
Kia Nexon,2021,17.74,34.69,197233,Diesel,Dealer,Manual,0
Toyota EcoSport,2017,4.51,14.84,41373,Diesel,Dealer,Manual,0
Ford A4,2023,1.93,5.95,170201,Petrol,Dealer,Manual,1
Mahindra EcoSport,2017,0.5,9.14,161666,Petrol,Dealer,Manual,0
BMW EcoSport,2012,1.65,19.77,150973,Petrol,Individual,Manual,0
BMW City,2009,0.5,5.44,102356,Petrol,Dealer,Automatic,0
Toyota Seltos,2020,2.59,12.2,178557,Petrol,Dealer,Manual,2
Hyundai EcoSport,2006,0.74,5.97,16517,Petrol,Dealer,Manual,0
Tata Nexon,2011,0.5,5.75,74852,Petrol,Dealer,Manual,0
Audi A4,2014,3.4,29.55,193946,Petrol,Individual,Manual,1
Hyundai EcoSport,2005,2.84,6.87,16881,Diesel,Dealer,Automatic,0
Kia Swift,2008,2.56,19.13,74306,Petrol,Individual,Manual,0
BMW X1,2014,5.65,26.12,106584,Petrol,Dealer,Automatic,0
Mahindra X1,2008,0.5,14.7,59380,Petrol,Dealer,Manual,0
Audi Seltos,2014,2.27,11.12,19988,CNG,Dealer,Automatic,0
Hyundai Corolla,2023,6.21,11.18,198529,Diesel,Dealer,Manual,0
Maruti i20,2021,13.14,25.75,59333,CNG,Individual,Manual,0
Ford City,2007,2.6,28.79,41527,Diesel,Dealer,Manual,0
Ford i20,2019,5.24,12.79,98740,Petrol,Dealer,Automatic,0
Mahindra XUV500,2021,11.56,24.54,104265,Petrol,Dealer,Manual,1
Maruti A4,2009,0.5,12.55,135439,CNG,Dealer,Manual,2
Audi Seltos,2007,1.28,29.24,116688,Petrol,Dealer,Manual,0
Kia Swift,2023,12.45,17.84,70516,Diesel,Dealer,Manual,0
Audi Corolla,2022,6.83,13.76,133396,Petrol,Dealer,Automatic,1
Kia Seltos,2022,10.08,16.5,156726,Petrol,Individual,Automatic,0
Ford Seltos,2007,2.72,31.86,143691,Diesel,Dealer,Automatic,1
Ford Corolla,2024,16.56,24.66,167812,Petrol,Individual,Automatic,2
BMW Nexon,2021,5.75,11.62,56897,Petrol,Dealer,Manual,0
Toyota Nexon,2015,5.73,28.48,67188,Petrol,Individual,Manual,0
Toyota City,2016,3.29,13.38,92780,Diesel,Dealer,Manual,0
Honda XUV500,2010,0.5,4.54,92211,Petrol,Individual,Manual,0
Tata A4,2016,1.97,14.37,161547,Petrol,Individual,Manual,3
Honda Seltos,2005,0.5,5.7,72592,Petrol,Individual,Manual,3
BMW EcoSport,2024,7.68,11.91,138703,Diesel,Dealer,Manual,0
Honda A4,2022,9.45,20.43,186350,Petrol,Dealer,Manual,2
Tata i20,2024,17.73,24.25,76028,Petrol,Dealer,Manual,0
Hyundai Nexon,2024,14.19,21.55,140168,CNG,Dealer,Manual,0
Tata Seltos,2007,0.5,26.77,127089,Petrol,Dealer,Manual,1
Hyundai XUV500,2014,5.98,31.15,98899,Petrol,Dealer,Manual,1
BMW City,2024,22.42,31.29,178497,Petrol,Individual,Manual,0
Audi Swift,2009,4.18,34.86,78588,Petrol,Dealer,Automatic,0
Kia EcoSport,2016,8.96,28.38,94460,Diesel,Dealer,Manual,0
Audi Nexon,2016,6.31,21.58,12758,Petrol,Dealer,Manual,0
Maruti Nexon,2010,2.58,28.89,175365,Diesel,Dealer,Manual,0
Mahindra Seltos,2022,16.57,25.93,34605,Petrol,Dealer,Manual,0
Hyundai Swift,2012,1.79,21.32,151046,CNG,Dealer,Manual,0
Toyota A4,2020,5.19,12.82,34756,Petrol,Individual,Automatic,1
Tata Corolla,2013,2.44,15.25,154748,CNG,Dealer,Automatic,2
Toyota Corolla,2021,3.84,7.52,90447,Diesel,Dealer,Automatic,0
Ford Swift,2012,0.5,19.94,177472,Petrol,Dealer,Manual,3
Tata Corolla,2016,7.2,21.38,55022,Petrol,Dealer,Manual,0
Audi Swift,2016,0.5,5.2,150335,Diesel,Dealer,Manual,0
Toyota X1,2006,0.5,19.61,107785,Petrol,Individual,Manual,0
Kia Seltos,2009,3.91,28.44,62042,Petrol,Dealer,Manual,0
BMW EcoSport,2017,4.8,22.39,94025,Diesel,Dealer,Manual,3
Honda i20,2023,8.84,14.65,145710,Petrol,Individual,Automatic,1
Audi Nexon,2007,0.5,13.74,181169,Petrol,Individual,Automatic,0
Mahindra A4,2008,3.73,9.17,73591,Diesel,Dealer,Automatic,0
Maruti City,2016,1.58,5.2,133568,Diesel,Individual,Automatic,0
BMW XUV500,2010,2.79,17.02,84453,Diesel,Individual,Automatic,1
Audi i20,2020,13.48,32.24,154078,Petrol,Dealer,Manual,0
Maruti Seltos,2023,20.66,31.65,60904,Diesel,Individual,Manual,3
Maruti City,2018,5.74,21.08,123458,Petrol,Dealer,Manual,1
Toyota XUV500,2008,2.08,18.53,198149,Diesel,Dealer,Manual,0
Audi EcoSport,2022,7.2,10.74,11862,Petrol,Dealer,Automatic,1
Honda A4,2011,1.58,9.88,71330,Petrol,Dealer,Automatic,0
Mahindra X1,2018,0.98,4.03,12248,Petrol,Individual,Manual,0
Tata Corolla,2005,0.5,16.61,180600,Petrol,Dealer,Automatic,1
Audi Nexon,2024,5.1,10.51,137019,Petrol,Individual,Manual,0
Tata i20,2011,0.85,24.57,193869,CNG,Individual,Manual,3
Audi X1,2015,0.5,5.8,91540,Petrol,Individual,Manual,1
Mahindra Nexon,2008,0.97,7.38,27787,Diesel,Individual,Manual,0
Audi Seltos,2017,5.91,18.28,10302,Diesel,Dealer,Manual,2
Audi EcoSport,2010,4.35,19.08,15967,Diesel,Dealer,Manual,0
Maruti Nexon,2007,1.02,20.94,99182,Diesel,Dealer,Manual,0
Hyundai XUV500,2006,1.25,4.17,60240,Petrol,Dealer,Manual,0
Hyundai A4,2015,4.8,23.24,146295,Petrol,Dealer,Manual,1
Toyota Nexon,2013,1.07,9.41,183068,Petrol,Dealer,Automatic,0
Toyota EcoSport,2023,7.49,11.21,8889,Petrol,Dealer,Manual,0
Audi XUV500,2024,24.95,34.24,164141,Diesel,Individual,Automatic,3
BMW EcoSport,2024,17.24,20.57,59862,Diesel,Individual,Automatic,0
Tata Swift,2022,3.55,9.6,151539,Petrol,Dealer,Manual,1
Honda X1,2017,1.72,6.14,9860,Petrol,Individual,Manual,0
Toyota City,2010,2.41,19.56,11408,Petrol,Individual,Automatic,0
Hyundai EcoSport,2005,0.6,32.67,174259,Petrol,Individual,Manual,1
Maruti Corolla,2017,7.18,24.92,59240,Diesel,Individual,Manual,2
Ford Nexon,2016,3.75,17.72,172131,Diesel,Individual,Manual,0
Maruti Seltos,2005,1.0,28.71,137335,Petrol,Dealer,Automatic,1
Maruti Nexon,2012,1.67,16.98,110494,CNG,Individual,Manual,1
BMW i20,2007,3.05,28.15,9123,Petrol,Dealer,Manual,1
Honda X1,2006,2.15,25.97,166064,CNG,Dealer,Automatic,0
Hyundai XUV500,2016,2.31,6.03,27560,Petrol,Dealer,Manual,2
Maruti X1,2011,0.5,5.38,78920,Petrol,Dealer,Automatic,1
Hyundai City,2019,1.6,8.13,112288,Petrol,Dealer,Manual,2
BMW Seltos,2013,2.27,7.97,103297,Diesel,Individual,Automatic,0
Toyota Swift,2024,4.72,6.87,24623,Petrol,Dealer,Manual,1
Mahindra X1,2010,3.77,23.46,23909,Petrol,Dealer,Automatic,0
Toyota X1,2020,7.77,22.6,155619,CNG,Dealer,Manual,0
Honda i20,2008,2.39,29.14,25875,Petrol,Individual,Manual,0
Ford A4,2009,2.16,19.16,76540,Diesel,Dealer,Manual,1
Tata Nexon,2012,2.57,19.33,160360,CNG,Dealer,Manual,1
BMW i20,2012,0.5,8.35,74806,Petrol,Individual,Manual,0
Toyota Corolla,2017,8.67,25.48,86049,Petrol,Dealer,Manual,0
Ford Nexon,2010,2.84,14.4,100930,Diesel,Dealer,Automatic,0
Tata i20,2018,7.55,26.6,198978,Petrol,Dealer,Manual,1
Hyundai XUV500,2012,0.5,11.85,173902,Petrol,Individual,Manual,3
Hyundai A4,2023,19.18,29.8,39136,Petrol,Dealer,Manual,0
Ford EcoSport,2013,0.72,4.03,48175,Petrol,Dealer,Manual,0
Audi City,2006,0.5,17.24,174469,Diesel,Individual,Manual,1
Honda Corolla,2023,17.88,27.05,67982,Diesel,Dealer,Manual,1
Kia XUV500,2014,4.93,29.16,158612,Petrol,Dealer,Manual,0
Kia i20,2017,4.51,18.07,25758,Petrol,Dealer,Manual,1
Audi Nexon,2013,4.23,31.27,158460,Diesel,Dealer,Manual,1
Audi Swift,2005,0.5,13.65,15248,Petrol,Individual,Manual,0
BMW X1,2008,0.71,17.12,191175,Diesel,Individual,Manual,1
Hyundai Corolla,2020,12.03,28.56,143260,Petrol,Dealer,Manual,0
BMW Corolla,2021,12.13,27.67,171272,Petrol,Individual,Manual,0
Toyota City,2011,0.5,5.8,94590,Petrol,Individual,Manual,3
Toyota XUV500,2007,0.5,9.5,126246,Petrol,Dealer,Manual,2
Hyundai Seltos,2018,4.44,17.99,161257,Petrol,Individual,Automatic,3
BMW Corolla,2005,0.5,15.43,155023,Petrol,Dealer,Manual,0
BMW Corolla,2023,13.79,22.2,132673,Petrol,Individual,Manual,0
Toyota Corolla,2006,0.5,5.29,97999,Petrol,Dealer,Manual,2
BMW A4,2019,10.29,27.18,39404,Petrol,Individual,Manual,0
Toyota i20,2007,0.69,14.77,148526,Petrol,Dealer,Manual,0
BMW i20,2018,6.57,22.94,32086,Petrol,Dealer,Manual,2
Tata X1,2013,4.67,27.59,139464,Petrol,Dealer,Manual,0
Honda Nexon,2022,19.03,34.48,187177,Petrol,Dealer,Automatic,0
Toyota Corolla,2019,9.75,20.47,40865,Diesel,Individual,Manual,1
Tata A4,2020,4.35,11.66,95709,Petrol,Individual,Manual,0
Toyota A4,2015,6.5,27.08,153306,Diesel,Dealer,Automatic,1
Mahindra Swift,2017,8.22,28.66,72839,CNG,Dealer,Manual,0
Audi EcoSport,2016,0.5,4.52,182563,Petrol,Dealer,Manual,0
Ford City,2011,0.69,13.78,71480,Petrol,Individual,Manual,1
Hyundai i20,2018,4.42,14.62,74407,CNG,Dealer,Manual,3
Mahindra Swift,2005,0.5,23.47,78352,Petrol,Dealer,Manual,1
Tata City,2017,7.84,27.95,90642,Petrol,Dealer,Manual,1
BMW A4,2020,6.63,17.71,83591,Petrol,Dealer,Manual,1
Maruti Swift,2018,7.29,19.21,72156,Diesel,Dealer,Manual,1
Audi Swift,2005,0.5,7.2,31437,Petrol,Dealer,Manual,1
Ford City,2020,1.31,3.68,90180,Diesel,Individual,Manual,2
Tata X1,2014,3.21,23.43,120784,Petrol,Individual,Manual,1
Ford XUV500,2015,4.97,24.66,63473,Petrol,Dealer,Manual,1
BMW Seltos,2019,13.47,34.57,31465,Petrol,Dealer,Manual,0
Toyota EcoSport,2015,6.46,27.36,84637,Petrol,Individual,Manual,0
Kia i20,2008,0.94,5.24,30107,Petrol,Individual,Manual,0
Tata X1,2023,4.8,10.71,180508,Petrol,Individual,Manual,1
BMW EcoSport,2019,6.1,18.47,83183,Petrol,Individual,Manual,0
Toyota A4,2011,2.94,31.51,99593,CNG,Individual,Manual,2
Ford Swift,2008,0.5,29.14,136007,Petrol,Dealer,Manual,1
Kia Nexon,2022,2.58,4.72,111924,Diesel,Individual,Manual,1
Honda City,2017,6.85,20.63,57165,CNG,Dealer,Manual,1
BMW Corolla,2007,3.55,25.38,17818,Diesel,Dealer,Manual,0
Honda X1,2020,8.22,20.24,61680,Petrol,Dealer,Manual,0
Mahindra Nexon,2014,6.47,28.38,31883,Diesel,Dealer,Manual,0
Mahindra Nexon,2022,12.9,23.03,139379,Petrol,Dealer,Manual,0
Hyundai i20,2016,2.76,18.65,87579,Petrol,Individual,Manual,1
Audi i20,2010,0.5,9.74,125355,Petrol,Dealer,Manual,0
Hyundai Swift,2006,1.87,24.92,126649,Petrol,Individual,Automatic,0
Toyota Nexon,2015,4.92,33.29,92680,Petrol,Individual,Manual,2
Hyundai City,2009,0.95,18.79,108038,CNG,Dealer,Manual,2
BMW A4,2021,14.51,33.32,157018,Petrol,Individual,Manual,2
Toyota Corolla,2018,4.89,21.43,121360,Petrol,Dealer,Manual,1
BMW EcoSport,2023,15.07,22.86,163984,Petrol,Dealer,Automatic,1
Honda EcoSport,2023,20.82,31.56,140162,Petrol,Dealer,Manual,0
Honda i20,2015,3.95,19.65,119012,Diesel,Dealer,Manual,2
Toyota Seltos,2017,8.19,33.52,108473,Petrol,Individual,Manual,1
Audi City,2016,2.87,12.1,61614,Petrol,Dealer,Manual,0
BMW Corolla,2016,5.11,27.92,119362,Diesel,Dealer,Manual,2
Ford Swift,2019,1.07,8.8,175848,Petrol,Dealer,Manual,1
Kia Seltos,2008,0.5,16.8,117673,Diesel,Individual,Manual,2
Maruti EcoSport,2008,0.73,33.93,82017,Petrol,Individual,Manual,0
Audi City,2017,2.84,17.42,107071,Diesel,Individual,Manual,2
Mahindra Swift,2017,8.75,26.86,143955,Petrol,Dealer,Manual,0
Toyota XUV500,2009,4.33,26.54,67014,CNG,Dealer,Manual,0
Kia i20,2005,0.5,19.86,65282,Petrol,Dealer,Manual,1
Mahindra Nexon,2020,11.56,27.24,147820,Petrol,Individual,Manual,1
Kia X1,2005,4.79,27.93,15807,Diesel,Individual,Automatic,0
Ford i20,2014,6.11,28.26,132813,CNG,Dealer,Automatic,0
Honda X1,2011,4.73,29.09,155799,Diesel,Dealer,Manual,1
Ford i20,2017,10.13,33.71,163371,Petrol,Dealer,Automatic,1
Maruti EcoSport,2023,9.57,18.8,160647,Petrol,Dealer,Manual,0
Kia Seltos,2024,12.21,15.23,107666,CNG,Dealer,Manual,1
Mahindra City,2019,8.3,20.37,84417,Petrol,Dealer,Manual,0
Toyota EcoSport,2012,2.02,7.54,194637,Petrol,Individual,Automatic,0
Ford Swift,2022,18.42,31.9,33702,Petrol,Dealer,Manual,2
BMW EcoSport,2016,4.98,25.88,134014,Petrol,Individual,Manual,0
Honda Swift,2022,3.55,6.71,187614,CNG,Dealer,Manual,1
Honda X1,2019,7.97,15.91,179682,Diesel,Dealer,Manual,0
BMW i20,2007,0.5,4.11,199692,Petrol,Dealer,Manual,0
BMW EcoSport,2018,11.27,30.34,13496,CNG,Individual,Manual,0
Tata Nexon,2012,3.26,12.15,48634,Diesel,Dealer,Manual,0
